Athlete,NOC,Year,Season,City,Sport,Event,Medal
,LAT,2020,Summer,Tokyo,3x3 Basketball,"3x3 Basketball, Men",Gold
,ROC,2020,Summer,Tokyo,3x3 Basketball,"3x3 Basketball, Men",Silver
,SRB,2020,Summer,Tokyo,3x3 Basketball,"3x3 Basketball, Men",Bronze
,USA,2020,Summer,Tokyo,3x3 Basketball,"3x3 Basketball, Women",Gold
,ROC,2020,Summer,Tokyo,3x3 Basketball,"3x3 Basketball, Women",Silver
,CHN,2020,Summer,Tokyo,3x3 Basketball,"3x3 Basketball, Women",Bronze
Mete Gazoz,TUR,2020,Summer,Tokyo,Archery,"Individual, Men",Gold
Mauro Nespoli,ITA,2020,Summer,Tokyo,Archery,"Individual, Men",Silver
Takaharu Furukawa,JPN,2020,Summer,Tokyo,Archery,"Individual, Men",Bronze
,KOR,2020,Summer,Tokyo,Archery,"Team, Men",Gold
,TPE,2020,Summer,Tokyo,Archery,"Team, Men",Silver
,JPN,2020,Summer,Tokyo,Archery,"Team, Men",Bronze
An San,KOR,2020,Summer,Tokyo,Archery,"Individual, Women",Gold
Yelena Osipova,ROC,2020,Summer,Tokyo,Archery,"Individual, Women",Silver
Lucilla Boari,ITA,2020,Summer,Tokyo,Archery,"Individual, Women",Bronze
,KOR,2020,Summer,Tokyo,Archery,"Team, Women",Gold
,ROC,2020,Summer,Tokyo,Archery,"Team, Women",Silver
,GER,2020,Summer,Tokyo,Archery,"Team, Women",Bronze
,KOR,2020,Summer,Tokyo,Archery,"Team, Mixed",Gold
,NED,2020,Summer,Tokyo,Archery,"Team, Mixed",Silver
,MEX,2020,Summer,Tokyo,Archery,"Team, Mixed",Bronze
Daiki Hashimoto,JPN,2020,Summer,Tokyo,Artistic Gymnastics,"Individual All-Around, Men",Gold
Xiao Ruoteng,CHN,2020,Summer,Tokyo,Artistic Gymnastics,"Individual All-Around, Men",Silver
Nikita Nagorny,ROC,2020,Summer,Tokyo,Artistic Gymnastics,"Individual All-Around, Men",Bronze
,ROC,2020,Summer,Tokyo,Artistic Gymnastics,"Team All-Around, Men",Gold
,JPN,2020,Summer,Tokyo,Artistic Gymnastics,"Team All-Around, Men",Silver
,CHN,2020,Summer,Tokyo,Artistic Gymnastics,"Team All-Around, Men",Bronze
Artem Dolgopyat,ISR,2020,Summer,Tokyo,Artistic Gymnastics,"Floor Exercise, Men",Gold
Ray Zapata,ESP,2020,Summer,Tokyo,Artistic Gymnastics,"Floor Exercise, Men",Silver
Xiao Ruoteng,CHN,2020,Summer,Tokyo,Artistic Gymnastics,"Floor Exercise, Men",Bronze
Sin Jae-Hwan,KOR,2020,Summer,Tokyo,Artistic Gymnastics,"Horse Vault, Men",Gold
Denis Ablyazin,ROC,2020,Summer,Tokyo,Artistic Gymnastics,"Horse Vault, Men",Silver
Artur Davtyan,ARM,2020,Summer,Tokyo,Artistic Gymnastics,"Horse Vault, Men",Bronze
Zou Jingyuan,CHN,2020,Summer,Tokyo,Artistic Gymnastics,"Parallel Bars, Men",Gold
Lukas Dauser,GER,2020,Summer,Tokyo,Artistic Gymnastics,"Parallel Bars, Men",Silver
Ferhat Arıcan,TUR,2020,Summer,Tokyo,Artistic Gymnastics,"Parallel Bars, Men",Bronze
Daiki Hashimoto,JPN,2020,Summer,Tokyo,Artistic Gymnastics,"Horizontal Bar, Men",Gold
Tin Srbić,CRO,2020,Summer,Tokyo,Artistic Gymnastics,"Horizontal Bar, Men",Silver
Nikita Nagorny,ROC,2020,Summer,Tokyo,Artistic Gymnastics,"Horizontal Bar, Men",Bronze
Liu Yang,CHN,2020,Summer,Tokyo,Artistic Gymnastics,"Rings, Men",Gold
You Hao,CHN,2020,Summer,Tokyo,Artistic Gymnastics,"Rings, Men",Silver
Lefteris Petrounias,GRE,2020,Summer,Tokyo,Artistic Gymnastics,"Rings, Men",Bronze
Max Whitlock,GBR,2020,Summer,Tokyo,Artistic Gymnastics,"Pommelled Horse, Men",Gold
Lee Chih-Kai,TPE,2020,Summer,Tokyo,Artistic Gymnastics,"Pommelled Horse, Men",Silver
Kazuma Kaya,JPN,2020,Summer,Tokyo,Artistic Gymnastics,"Pommelled Horse, Men",Bronze
Suni Lee,USA,2020,Summer,Tokyo,Artistic Gymnastics,"Individual All-Around, Women",Gold
Rebeca Andrade,BRA,2020,Summer,Tokyo,Artistic Gymnastics,"Individual All-Around, Women",Silver
Angelina Melnikova,ROC,2020,Summer,Tokyo,Artistic Gymnastics,"Individual All-Around, Women",Bronze
,ROC,2020,Summer,Tokyo,Artistic Gymnastics,"Team All-Around, Women",Gold
,USA,2020,Summer,Tokyo,Artistic Gymnastics,"Team All-Around, Women",Silver
,GBR,2020,Summer,Tokyo,Artistic Gymnastics,"Team All-Around, Women",Bronze
Jade Carey,USA,2020,Summer,Tokyo,Artistic Gymnastics,"Floor Exercise, Women",Gold
Vanessa Ferrari,ITA,2020,Summer,Tokyo,Artistic Gymnastics,"Floor Exercise, Women",Silver
Rebeca Andrade,BRA,2020,Summer,Tokyo,Artistic Gymnastics,"Horse Vault, Women",Gold
MyKayla Skinner,USA,2020,Summer,Tokyo,Artistic Gymnastics,"Horse Vault, Women",Silver
Yeo Seo-Jeong,KOR,2020,Summer,Tokyo,Artistic Gymnastics,"Horse Vault, Women",Bronze
Nina Derwael,BEL,2020,Summer,Tokyo,Artistic Gymnastics,"Uneven Bars, Women",Gold
Anastasiya Ilyankova,ROC,2020,Summer,Tokyo,Artistic Gymnastics,"Uneven Bars, Women",Silver
Suni Lee,USA,2020,Summer,Tokyo,Artistic Gymnastics,"Uneven Bars, Women",Bronze
Guan Chenchen,CHN,2020,Summer,Tokyo,Artistic Gymnastics,"Balance Beam, Women",Gold
Tang Xijing,CHN,2020,Summer,Tokyo,Artistic Gymnastics,"Balance Beam, Women",Silver
Simone Biles,USA,2020,Summer,Tokyo,Artistic Gymnastics,"Balance Beam, Women",Bronze
,ROC,2020,Summer,Tokyo,Artistic Swimming,"Duet, Women",Gold
,CHN,2020,Summer,Tokyo,Artistic Swimming,"Duet, Women",Silver
,UKR,2020,Summer,Tokyo,Artistic Swimming,"Duet, Women",Bronze
,ROC,2020,Summer,Tokyo,Artistic Swimming,"Team, Women",Gold
,CHN,2020,Summer,Tokyo,Artistic Swimming,"Team, Women",Silver
,UKR,2020,Summer,Tokyo,Artistic Swimming,"Team, Women",Bronze
Lamont Marcell Jacobs,ITA,2020,Summer,Tokyo,Athletics,"100 metres, Men",Gold
Fred Kerley,USA,2020,Summer,Tokyo,Athletics,"100 metres, Men",Silver
Andre De Grasse,CAN,2020,Summer,Tokyo,Athletics,"100 metres, Men",Bronze
Andre De Grasse,CAN,2020,Summer,Tokyo,Athletics,"200 metres, Men",Gold
Kenny Bednarek,USA,2020,Summer,Tokyo,Athletics,"200 metres, Men",Silver
Noah Lyles,USA,2020,Summer,Tokyo,Athletics,"200 metres, Men",Bronze
Steven Gardiner,BAH,2020,Summer,Tokyo,Athletics,"400 metres, Men",Gold
Anthony Zambrano,COL,2020,Summer,Tokyo,Athletics,"400 metres, Men",Silver
Kirani James,GRN,2020,Summer,Tokyo,Athletics,"400 metres, Men",Bronze
Emmanuel Korir,KEN,2020,Summer,Tokyo,Athletics,"800 metres, Men",Gold
Ferguson Rotich,KEN,2020,Summer,Tokyo,Athletics,"800 metres, Men",Silver
Patryk Dobek,POL,2020,Summer,Tokyo,Athletics,"800 metres, Men",Bronze
Jakob Ingebrigtsen,NOR,2020,Summer,Tokyo,Athletics,"1,500 metres, Men",Gold
Timothy Cheruiyot,KEN,2020,Summer,Tokyo,Athletics,"1,500 metres, Men",Silver
Josh Kerr,GBR,2020,Summer,Tokyo,Athletics,"1,500 metres, Men",Bronze
Joshua Cheptegei,UGA,2020,Summer,Tokyo,Athletics,"5,000 metres, Men",Gold
Moh Ahmed,CAN,2020,Summer,Tokyo,Athletics,"5,000 metres, Men",Silver
Paul Chelimo,USA,2020,Summer,Tokyo,Athletics,"5,000 metres, Men",Bronze
Selemon Barega,ETH,2020,Summer,Tokyo,Athletics,"10,000 metres, Men",Gold
Joshua Cheptegei,UGA,2020,Summer,Tokyo,Athletics,"10,000 metres, Men",Silver
Jacob Kiplimo,UGA,2020,Summer,Tokyo,Athletics,"10,000 metres, Men",Bronze
Eliud Kipchoge,KEN,2020,Summer,Tokyo,Athletics,"Marathon, Men",Gold
Abdi Nageeye,NED,2020,Summer,Tokyo,Athletics,"Marathon, Men",Silver
Bashir Abdi,BEL,2020,Summer,Tokyo,Athletics,"Marathon, Men",Bronze
Hansle Parchment,JAM,2020,Summer,Tokyo,Athletics,"110 metres Hurdles, Men",Gold
Grant Holloway,USA,2020,Summer,Tokyo,Athletics,"110 metres Hurdles, Men",Silver
Ronald Levy,JAM,2020,Summer,Tokyo,Athletics,"110 metres Hurdles, Men",Bronze
Karsten Warholm,NOR,2020,Summer,Tokyo,Athletics,"400 metres Hurdles, Men",Gold
Rai Benjamin,USA,2020,Summer,Tokyo,Athletics,"400 metres Hurdles, Men",Silver
Alison dos Santos,BRA,2020,Summer,Tokyo,Athletics,"400 metres Hurdles, Men",Bronze
Soufiane El-Bakkali,MAR,2020,Summer,Tokyo,Athletics,"3,000 metres Steeplechase, Men",Gold
Lamecha Girma,ETH,2020,Summer,Tokyo,Athletics,"3,000 metres Steeplechase, Men",Silver
Benjamin Kigen,KEN,2020,Summer,Tokyo,Athletics,"3,000 metres Steeplechase, Men",Bronze
,ITA,2020,Summer,Tokyo,Athletics,"4 × 100 metres Relay, Men",Gold
,CAN,2020,Summer,Tokyo,Athletics,"4 × 100 metres Relay, Men",Silver
,CHN,2020,Summer,Tokyo,Athletics,"4 × 100 metres Relay, Men",Bronze
,USA,2020,Summer,Tokyo,Athletics,"4 × 400 metres Relay, Men",Gold
,NED,2020,Summer,Tokyo,Athletics,"4 × 400 metres Relay, Men",Silver
,BOT,2020,Summer,Tokyo,Athletics,"4 × 400 metres Relay, Men",Bronze
Massimo Stano,ITA,2020,Summer,Tokyo,Athletics,"20 kilometres Race Walk, Men",Gold
Koki Ikeda,JPN,2020,Summer,Tokyo,Athletics,"20 kilometres Race Walk, Men",Silver
Toshikazu Yamanishi,JPN,2020,Summer,Tokyo,Athletics,"20 kilometres Race Walk, Men",Bronze
Dawid Tomala,POL,2020,Summer,Tokyo,Athletics,"50 kilometres Race Walk, Men",Gold
Jonathan Hilbert,GER,2020,Summer,Tokyo,Athletics,"50 kilometres Race Walk, Men",Silver
Evan Dunfee,CAN,2020,Summer,Tokyo,Athletics,"50 kilometres Race Walk, Men",Bronze
[],[],2020,Summer,Tokyo,Athletics,"High Jump, Men",Silver
Maksim Nedasekau,BLR,2020,Summer,Tokyo,Athletics,"High Jump, Men",Bronze
Mondo Duplantis,SWE,2020,Summer,Tokyo,Athletics,"Pole Vault, Men",Gold
Chris Nilsen,USA,2020,Summer,Tokyo,Athletics,"Pole Vault, Men",Silver
Thiago Braz,BRA,2020,Summer,Tokyo,Athletics,"Pole Vault, Men",Bronze
Miltiadis Tentoglou,GRE,2020,Summer,Tokyo,Athletics,"Long Jump, Men",Gold
Juan Miguel Echevarría,CUB,2020,Summer,Tokyo,Athletics,"Long Jump, Men",Silver
Maykel Massó,CUB,2020,Summer,Tokyo,Athletics,"Long Jump, Men",Bronze
Pedro Pablo Pichardo,POR,2020,Summer,Tokyo,Athletics,"Triple Jump, Men",Gold
Zhu Yaming,CHN,2020,Summer,Tokyo,Athletics,"Triple Jump, Men",Silver
Hugues Zango,BUR,2020,Summer,Tokyo,Athletics,"Triple Jump, Men",Bronze
Ryan Crouser,USA,2020,Summer,Tokyo,Athletics,"Shot Put, Men",Gold
Joe Kovacs,USA,2020,Summer,Tokyo,Athletics,"Shot Put, Men",Silver
Tom Walsh,NZL,2020,Summer,Tokyo,Athletics,"Shot Put, Men",Bronze
Daniel Ståhl,SWE,2020,Summer,Tokyo,Athletics,"Discus Throw, Men",Gold
Simon Pettersson,SWE,2020,Summer,Tokyo,Athletics,"Discus Throw, Men",Silver
Lukas Weißhaidinger,AUT,2020,Summer,Tokyo,Athletics,"Discus Throw, Men",Bronze
Wojciech Nowicki,POL,2020,Summer,Tokyo,Athletics,"Hammer Throw, Men",Gold
Eivind Henriksen,NOR,2020,Summer,Tokyo,Athletics,"Hammer Throw, Men",Silver
Paweł Fajdek,POL,2020,Summer,Tokyo,Athletics,"Hammer Throw, Men",Bronze
Neeraj Chopra,IND,2020,Summer,Tokyo,Athletics,"Javelin Throw, Men",Gold
Jakub Vadlejch,CZE,2020,Summer,Tokyo,Athletics,"Javelin Throw, Men",Silver
Vítězslav Veselý,CZE,2020,Summer,Tokyo,Athletics,"Javelin Throw, Men",Bronze
Damian Warner,CAN,2020,Summer,Tokyo,Athletics,"Decathlon, Men",Gold
Kévin Mayer,FRA,2020,Summer,Tokyo,Athletics,"Decathlon, Men",Silver
Ashley Moloney,AUS,2020,Summer,Tokyo,Athletics,"Decathlon, Men",Bronze
Elaine Thompson-Herah,JAM,2020,Summer,Tokyo,Athletics,"100 metres, Women",Gold
Shelly-Ann Fraser-Pryce,JAM,2020,Summer,Tokyo,Athletics,"100 metres, Women",Silver
Shericka Jackson,JAM,2020,Summer,Tokyo,Athletics,"100 metres, Women",Bronze
Elaine Thompson-Herah,JAM,2020,Summer,Tokyo,Athletics,"200 metres, Women",Gold
Christine Mboma,NAM,2020,Summer,Tokyo,Athletics,"200 metres, Women",Silver
Gabby Thomas,USA,2020,Summer,Tokyo,Athletics,"200 metres, Women",Bronze
Shaunae Miller-Uibo,BAH,2020,Summer,Tokyo,Athletics,"400 metres, Women",Gold
Marileidy Paulino,DOM,2020,Summer,Tokyo,Athletics,"400 metres, Women",Silver
Allyson Felix,USA,2020,Summer,Tokyo,Athletics,"400 metres, Women",Bronze
Athing Mu,USA,2020,Summer,Tokyo,Athletics,"800 metres, Women",Gold
Keely Hodgkinson,GBR,2020,Summer,Tokyo,Athletics,"800 metres, Women",Silver
Raevyn Rogers,USA,2020,Summer,Tokyo,Athletics,"800 metres, Women",Bronze
Faith Kipyegon,KEN,2020,Summer,Tokyo,Athletics,"1,500 metres, Women",Gold
Laura Muir,GBR,2020,Summer,Tokyo,Athletics,"1,500 metres, Women",Silver
Sifan Hassan,NED,2020,Summer,Tokyo,Athletics,"1,500 metres, Women",Bronze
Sifan Hassan,NED,2020,Summer,Tokyo,Athletics,"5,000 metres, Women",Gold
Hellen Obiri,KEN,2020,Summer,Tokyo,Athletics,"5,000 metres, Women",Silver
Gudaf Tsegay,ETH,2020,Summer,Tokyo,Athletics,"5,000 metres, Women",Bronze
Sifan Hassan,NED,2020,Summer,Tokyo,Athletics,"10,000 metres, Women",Gold
Kalkidan Gezahegne,BRN,2020,Summer,Tokyo,Athletics,"10,000 metres, Women",Silver
Letesenbet Gidey,ETH,2020,Summer,Tokyo,Athletics,"10,000 metres, Women",Bronze
Peres Jepchirchir,KEN,2020,Summer,Tokyo,Athletics,"Marathon, Women",Gold
Brigid Kosgei,KEN,2020,Summer,Tokyo,Athletics,"Marathon, Women",Silver
Molly Seidel,USA,2020,Summer,Tokyo,Athletics,"Marathon, Women",Bronze
Jasmine Camacho-Quinn,PUR,2020,Summer,Tokyo,Athletics,"100 metres Hurdles, Women",Gold
Keni Harrison,USA,2020,Summer,Tokyo,Athletics,"100 metres Hurdles, Women",Silver
Megan Tapper,JAM,2020,Summer,Tokyo,Athletics,"100 metres Hurdles, Women",Bronze
Sydney McLaughlin,USA,2020,Summer,Tokyo,Athletics,"400 metres Hurdles, Women",Gold
Dalilah Muhammad,USA,2020,Summer,Tokyo,Athletics,"400 metres Hurdles, Women",Silver
Femke Bol,NED,2020,Summer,Tokyo,Athletics,"400 metres Hurdles, Women",Bronze
Peruth Chemutai,UGA,2020,Summer,Tokyo,Athletics,"3,000 metres Steeplechase, Women",Gold
Courtney Frerichs,USA,2020,Summer,Tokyo,Athletics,"3,000 metres Steeplechase, Women",Silver
Hyvin Kiyeng,KEN,2020,Summer,Tokyo,Athletics,"3,000 metres Steeplechase, Women",Bronze
,JAM,2020,Summer,Tokyo,Athletics,"4 × 100 metres Relay, Women",Gold
,USA,2020,Summer,Tokyo,Athletics,"4 × 100 metres Relay, Women",Silver
,GBR,2020,Summer,Tokyo,Athletics,"4 × 100 metres Relay, Women",Bronze
,USA,2020,Summer,Tokyo,Athletics,"4 × 400 metres Relay, Women",Gold
,POL,2020,Summer,Tokyo,Athletics,"4 × 400 metres Relay, Women",Silver
,JAM,2020,Summer,Tokyo,Athletics,"4 × 400 metres Relay, Women",Bronze
Antonella Palmisano,ITA,2020,Summer,Tokyo,Athletics,"20 kilometres Race Walk, Women",Gold
Sandra Arenas,COL,2020,Summer,Tokyo,Athletics,"20 kilometres Race Walk, Women",Silver
Liu Hong,CHN,2020,Summer,Tokyo,Athletics,"20 kilometres Race Walk, Women",Bronze
Mariya Lasitskene,ROC,2020,Summer,Tokyo,Athletics,"High Jump, Women",Gold
Nicola McDermott,AUS,2020,Summer,Tokyo,Athletics,"High Jump, Women",Silver
Yaroslava Mahuchikh,UKR,2020,Summer,Tokyo,Athletics,"High Jump, Women",Bronze
Katie Nageotte,USA,2020,Summer,Tokyo,Athletics,"Pole Vault, Women",Gold
Anzhelika Sidorova,ROC,2020,Summer,Tokyo,Athletics,"Pole Vault, Women",Silver
Holly Bradshaw,GBR,2020,Summer,Tokyo,Athletics,"Pole Vault, Women",Bronze
Malaika Mihambo,GER,2020,Summer,Tokyo,Athletics,"Long Jump, Women",Gold
Brittney Reese,USA,2020,Summer,Tokyo,Athletics,"Long Jump, Women",Silver
Ese Brume,NGR,2020,Summer,Tokyo,Athletics,"Long Jump, Women",Bronze
Yulimar Rojas,VEN,2020,Summer,Tokyo,Athletics,"Triple Jump, Women",Gold
Patrícia Mamona,POR,2020,Summer,Tokyo,Athletics,"Triple Jump, Women",Silver
Ana Peleteiro,ESP,2020,Summer,Tokyo,Athletics,"Triple Jump, Women",Bronze
Gong Lijiao,CHN,2020,Summer,Tokyo,Athletics,"Shot Put, Women",Gold
Raven Saunders,USA,2020,Summer,Tokyo,Athletics,"Shot Put, Women",Silver
Valerie Adams,NZL,2020,Summer,Tokyo,Athletics,"Shot Put, Women",Bronze
Valarie Allman,USA,2020,Summer,Tokyo,Athletics,"Discus Throw, Women",Gold
Kristin Pudenz,GER,2020,Summer,Tokyo,Athletics,"Discus Throw, Women",Silver
Yaimé Pérez,CUB,2020,Summer,Tokyo,Athletics,"Discus Throw, Women",Bronze
Anita Włodarczyk,POL,2020,Summer,Tokyo,Athletics,"Hammer Throw, Women",Gold
Wang Zheng,CHN,2020,Summer,Tokyo,Athletics,"Hammer Throw, Women",Silver
Malwina Kopron,POL,2020,Summer,Tokyo,Athletics,"Hammer Throw, Women",Bronze
Liu Shiying,CHN,2020,Summer,Tokyo,Athletics,"Javelin Throw, Women",Gold
Maria Andrejczyk,POL,2020,Summer,Tokyo,Athletics,"Javelin Throw, Women",Silver
Kelsey-Lee Barber,AUS,2020,Summer,Tokyo,Athletics,"Javelin Throw, Women",Bronze
Nafi Thiam,BEL,2020,Summer,Tokyo,Athletics,"Heptathlon, Women",Gold
Anouk Vetter,NED,2020,Summer,Tokyo,Athletics,"Heptathlon, Women",Silver
Emma Oosterwegel,NED,2020,Summer,Tokyo,Athletics,"Heptathlon, Women",Bronze
,POL,2020,Summer,Tokyo,Athletics,"4 × 400 metres Relay, Mixed",Gold
,DOM,2020,Summer,Tokyo,Athletics,"4 × 400 metres Relay, Mixed",Silver
,USA,2020,Summer,Tokyo,Athletics,"4 × 400 metres Relay, Mixed",Bronze
Viktor Axelsen,DEN,2020,Summer,Tokyo,Badminton,"Singles, Men",Gold
Chen Long,CHN,2020,Summer,Tokyo,Badminton,"Singles, Men",Silver
Anthony Sinisuka Ginting,INA,2020,Summer,Tokyo,Badminton,"Singles, Men",Bronze
,TPE,2020,Summer,Tokyo,Badminton,"Doubles, Men",Gold
,CHN,2020,Summer,Tokyo,Badminton,"Doubles, Men",Silver
,MAS,2020,Summer,Tokyo,Badminton,"Doubles, Men",Bronze
Chen Yufei,CHN,2020,Summer,Tokyo,Badminton,"Singles, Women",Gold
Tai Tzu-Ying,TPE,2020,Summer,Tokyo,Badminton,"Singles, Women",Silver
P. V. Sindhu,IND,2020,Summer,Tokyo,Badminton,"Singles, Women",Bronze
,INA,2020,Summer,Tokyo,Badminton,"Doubles, Women",Gold
,CHN,2020,Summer,Tokyo,Badminton,"Doubles, Women",Silver
,KOR,2020,Summer,Tokyo,Badminton,"Doubles, Women",Bronze
,CHN,2020,Summer,Tokyo,Badminton,"Doubles, Mixed",Gold
,CHN,2020,Summer,Tokyo,Badminton,"Doubles, Mixed",Silver
,JPN,2020,Summer,Tokyo,Badminton,"Doubles, Mixed",Bronze
,JPN,2020,Summer,Tokyo,Baseball,"Baseball, Men",Gold
,USA,2020,Summer,Tokyo,Baseball,"Baseball, Men",Silver
,DOM,2020,Summer,Tokyo,Baseball,"Baseball, Men",Bronze
,USA,2020,Summer,Tokyo,Basketball,"Basketball, Men",Gold
,FRA,2020,Summer,Tokyo,Basketball,"Basketball, Men",Silver
,AUS,2020,Summer,Tokyo,Basketball,"Basketball, Men",Bronze
,USA,2020,Summer,Tokyo,Basketball,"Basketball, Women",Gold
,JPN,2020,Summer,Tokyo,Basketball,"Basketball, Women",Silver
,FRA,2020,Summer,Tokyo,Basketball,"Basketball, Women",Bronze
,NOR,2020,Summer,Tokyo,Beach Volleyball,"Beach Volleyball, Men",Gold
,ROC,2020,Summer,Tokyo,Beach Volleyball,"Beach Volleyball, Men",Silver
,QAT,2020,Summer,Tokyo,Beach Volleyball,"Beach Volleyball, Men",Bronze
,USA,2020,Summer,Tokyo,Beach Volleyball,"Beach Volleyball, Women",Gold
,AUS,2020,Summer,Tokyo,Beach Volleyball,"Beach Volleyball, Women",Silver
,SUI,2020,Summer,Tokyo,Beach Volleyball,"Beach Volleyball, Women",Bronze
Galal Yafai,GBR,2020,Summer,Tokyo,Boxing,"Flyweight, Men",Gold
Carlo Paalam,PHI,2020,Summer,Tokyo,Boxing,"Flyweight, Men",Silver
Albert Batyrgaziyev,ROC,2020,Summer,Tokyo,Boxing,"Featherweight, Men",Gold
Duke Ragan,USA,2020,Summer,Tokyo,Boxing,"Featherweight, Men",Silver
Andy Cruz,CUB,2020,Summer,Tokyo,Boxing,"Lightweight, Men",Gold
Keyshawn Davis,USA,2020,Summer,Tokyo,Boxing,"Lightweight, Men",Silver
Roniel Iglesias,CUB,2020,Summer,Tokyo,Boxing,"Welterweight, Men",Gold
Pat McCormack,GBR,2020,Summer,Tokyo,Boxing,"Welterweight, Men",Silver
Hebert Conceição,BRA,2020,Summer,Tokyo,Boxing,"Middleweight, Men",Gold
Oleksandr Khyzhniak,UKR,2020,Summer,Tokyo,Boxing,"Middleweight, Men",Silver
Arlen López,CUB,2020,Summer,Tokyo,Boxing,"Light-Heavyweight, Men",Gold
Ben Whittaker,GBR,2020,Summer,Tokyo,Boxing,"Light-Heavyweight, Men",Silver
Julio César la Cruz,CUB,2020,Summer,Tokyo,Boxing,"Heavyweight, Men",Gold
Muslim Gadzhimagomedov,ROC,2020,Summer,Tokyo,Boxing,"Heavyweight, Men",Silver
Bakhodir Dzhalolov,UZB,2020,Summer,Tokyo,Boxing,"Super-Heavyweight, Men",Gold
Richard Torrez,USA,2020,Summer,Tokyo,Boxing,"Super-Heavyweight, Men",Silver
Stoyka Krasteva,BUL,2020,Summer,Tokyo,Boxing,"Flyweight, Women",Gold
Buse Naz Çakıroğlu,TUR,2020,Summer,Tokyo,Boxing,"Flyweight, Women",Silver
Sena Irie,JPN,2020,Summer,Tokyo,Boxing,"Featherweight, Women",Gold
Nesthy Petecio,PHI,2020,Summer,Tokyo,Boxing,"Featherweight, Women",Silver
Kellie Harrington,IRL,2020,Summer,Tokyo,Boxing,"Lightweight, Women",Gold
Beatriz Ferreira,BRA,2020,Summer,Tokyo,Boxing,"Lightweight, Women",Silver
Busenaz Sürmeneli,TUR,2020,Summer,Tokyo,Boxing,"Welterweight, Women",Gold
Gu Hong,CHN,2020,Summer,Tokyo,Boxing,"Welterweight, Women",Silver
Lauren Price,GBR,2020,Summer,Tokyo,Boxing,"Middleweight, Women",Gold
Li Qian,CHN,2020,Summer,Tokyo,Boxing,"Middleweight, Women",Silver
Jiří Prskavec,CZE,2020,Summer,Tokyo,Canoe Slalom,"Kayak Singles, Slalom, Men",Gold
Jakub Grigar,SVK,2020,Summer,Tokyo,Canoe Slalom,"Kayak Singles, Slalom, Men",Silver
Hannes Aigner,GER,2020,Summer,Tokyo,Canoe Slalom,"Kayak Singles, Slalom, Men",Bronze
Benjamin Savšek,SLO,2020,Summer,Tokyo,Canoe Slalom,"Canadian Singles, Slalom, Men",Gold
Lukáš Rohan,CZE,2020,Summer,Tokyo,Canoe Slalom,"Canadian Singles, Slalom, Men",Silver
Sideris Tasiadis,GER,2020,Summer,Tokyo,Canoe Slalom,"Canadian Singles, Slalom, Men",Bronze
Ricarda Funk,GER,2020,Summer,Tokyo,Canoe Slalom,"Kayak Singles, Slalom, Women",Gold
Maialen Chourraut,ESP,2020,Summer,Tokyo,Canoe Slalom,"Kayak Singles, Slalom, Women",Silver
Jess Fox,AUS,2020,Summer,Tokyo,Canoe Slalom,"Kayak Singles, Slalom, Women",Bronze
Jess Fox,AUS,2020,Summer,Tokyo,Canoe Slalom,"Canadian Singles, Slalom, Women",Gold
Mallory Franklin,GBR,2020,Summer,Tokyo,Canoe Slalom,"Canadian Singles, Slalom, Women",Silver
Andrea Herzog,GER,2020,Summer,Tokyo,Canoe Slalom,"Canadian Singles, Slalom, Women",Bronze
Sándor Tótka,HUN,2020,Summer,Tokyo,Canoe Sprint,"Kayak Singles, 200 metres, Men",Gold
Manfredi Rizza,ITA,2020,Summer,Tokyo,Canoe Sprint,"Kayak Singles, 200 metres, Men",Silver
Liam Heath,GBR,2020,Summer,Tokyo,Canoe Sprint,"Kayak Singles, 200 metres, Men",Bronze
Bálint Kopasz,HUN,2020,Summer,Tokyo,Canoe Sprint,"Kayak Singles, 1,000 metres, Men",Gold
Ádám Varga,HUN,2020,Summer,Tokyo,Canoe Sprint,"Kayak Singles, 1,000 metres, Men",Silver
Fernando Pimenta,POR,2020,Summer,Tokyo,Canoe Sprint,"Kayak Singles, 1,000 metres, Men",Bronze
,AUS,2020,Summer,Tokyo,Canoe Sprint,"Kayak Doubles, 1,000 metres, Men",Gold
,GER,2020,Summer,Tokyo,Canoe Sprint,"Kayak Doubles, 1,000 metres, Men",Silver
,CZE,2020,Summer,Tokyo,Canoe Sprint,"Kayak Doubles, 1,000 metres, Men",Bronze
,GER,2020,Summer,Tokyo,Canoe Sprint,"Kayak Fours, 500 metres, Men",Gold
,ESP,2020,Summer,Tokyo,Canoe Sprint,"Kayak Fours, 500 metres, Men",Silver
,SVK,2020,Summer,Tokyo,Canoe Sprint,"Kayak Fours, 500 metres, Men",Bronze
Isaquias Queiroz,BRA,2020,Summer,Tokyo,Canoe Sprint,"Canadian Singles, 1,000 metres, Men",Gold
Liu Hao,CHN,2020,Summer,Tokyo,Canoe Sprint,"Canadian Singles, 1,000 metres, Men",Silver
Serghei Tarnovschi,MDA,2020,Summer,Tokyo,Canoe Sprint,"Canadian Singles, 1,000 metres, Men",Bronze
,CUB,2020,Summer,Tokyo,Canoe Sprint,"Canadian Doubles, 1,000 metres, Men",Gold
,CHN,2020,Summer,Tokyo,Canoe Sprint,"Canadian Doubles, 1,000 metres, Men",Silver
,GER,2020,Summer,Tokyo,Canoe Sprint,"Canadian Doubles, 1,000 metres, Men",Bronze
Lisa Carrington,NZL,2020,Summer,Tokyo,Canoe Sprint,"Kayak Singles, 200 metres, Women",Gold
Teresa Portela,ESP,2020,Summer,Tokyo,Canoe Sprint,"Kayak Singles, 200 metres, Women",Silver
Emma Jørgensen,DEN,2020,Summer,Tokyo,Canoe Sprint,"Kayak Singles, 200 metres, Women",Bronze
Lisa Carrington,NZL,2020,Summer,Tokyo,Canoe Sprint,"Kayak Singles, 500 metres, Women",Gold
Tamara Csipes,HUN,2020,Summer,Tokyo,Canoe Sprint,"Kayak Singles, 500 metres, Women",Silver
Emma Jørgensen,DEN,2020,Summer,Tokyo,Canoe Sprint,"Kayak Singles, 500 metres, Women",Bronze
,NZL,2020,Summer,Tokyo,Canoe Sprint,"Kayak Doubles, 500 metres, Women",Gold
,POL,2020,Summer,Tokyo,Canoe Sprint,"Kayak Doubles, 500 metres, Women",Silver
,HUN,2020,Summer,Tokyo,Canoe Sprint,"Kayak Doubles, 500 metres, Women",Bronze
,HUN,2020,Summer,Tokyo,Canoe Sprint,"Kayak Fours, 500 metres, Women",Gold
,BLR,2020,Summer,Tokyo,Canoe Sprint,"Kayak Fours, 500 metres, Women",Silver
,POL,2020,Summer,Tokyo,Canoe Sprint,"Kayak Fours, 500 metres, Women",Bronze
Nevin Harrison,USA,2020,Summer,Tokyo,Canoe Sprint,"Canadian Singles, 200 metres, Women",Gold
Laurence Vincent-Lapointe,CAN,2020,Summer,Tokyo,Canoe Sprint,"Canadian Singles, 200 metres, Women",Silver
Liudmyla Luzan,UKR,2020,Summer,Tokyo,Canoe Sprint,"Canadian Singles, 200 metres, Women",Bronze
,CHN,2020,Summer,Tokyo,Canoe Sprint,"Canadian Doubles, 500 metres, Women",Gold
,UKR,2020,Summer,Tokyo,Canoe Sprint,"Canadian Doubles, 500 metres, Women",Silver
,CAN,2020,Summer,Tokyo,Canoe Sprint,"Canadian Doubles, 500 metres, Women",Bronze
Logan Martin,AUS,2020,Summer,Tokyo,Cycling BMX Freestyle,"Park, Men",Gold
Daniel Dhers,VEN,2020,Summer,Tokyo,Cycling BMX Freestyle,"Park, Men",Silver
Declan Brooks,GBR,2020,Summer,Tokyo,Cycling BMX Freestyle,"Park, Men",Bronze
Charlotte Worthington,GBR,2020,Summer,Tokyo,Cycling BMX Freestyle,"Park, Women",Gold
Hannah Roberts,USA,2020,Summer,Tokyo,Cycling BMX Freestyle,"Park, Women",Silver
Nikita Ducarroz,SUI,2020,Summer,Tokyo,Cycling BMX Freestyle,"Park, Women",Bronze
Niek Kimmann,NED,2020,Summer,Tokyo,Cycling BMX Racing,"BMX, Men",Gold
Kye Whyte,GBR,2020,Summer,Tokyo,Cycling BMX Racing,"BMX, Men",Silver
Carlos Ramírez,COL,2020,Summer,Tokyo,Cycling BMX Racing,"BMX, Men",Bronze
Beth Shriever,GBR,2020,Summer,Tokyo,Cycling BMX Racing,"BMX, Women",Gold
Mariana Pajón,COL,2020,Summer,Tokyo,Cycling BMX Racing,"BMX, Women",Silver
Merel Smulders,NED,2020,Summer,Tokyo,Cycling BMX Racing,"BMX, Women",Bronze
Tom Pidcock,GBR,2020,Summer,Tokyo,Cycling Mountain Bike,"Cross-Country, Men",Gold
Mathias Flückiger,SUI,2020,Summer,Tokyo,Cycling Mountain Bike,"Cross-Country, Men",Silver
David Valero,ESP,2020,Summer,Tokyo,Cycling Mountain Bike,"Cross-Country, Men",Bronze
Jolanda Neff,SUI,2020,Summer,Tokyo,Cycling Mountain Bike,"Cross-Country, Women",Gold
Sina Frei,SUI,2020,Summer,Tokyo,Cycling Mountain Bike,"Cross-Country, Women",Silver
Linda Indergand,SUI,2020,Summer,Tokyo,Cycling Mountain Bike,"Cross-Country, Women",Bronze
Richard Carapaz,ECU,2020,Summer,Tokyo,Cycling Road,"Road Race, Individual, Men",Gold
Wout Van Aert,BEL,2020,Summer,Tokyo,Cycling Road,"Road Race, Individual, Men",Silver
Tadej Pogačar,SLO,2020,Summer,Tokyo,Cycling Road,"Road Race, Individual, Men",Bronze
Primož Roglič,SLO,2020,Summer,Tokyo,Cycling Road,"Individual Time Trial, Men",Gold
Tom Dumoulin,NED,2020,Summer,Tokyo,Cycling Road,"Individual Time Trial, Men",Silver
Rohan Dennis,AUS,2020,Summer,Tokyo,Cycling Road,"Individual Time Trial, Men",Bronze
Anna Kiesenhofer,AUT,2020,Summer,Tokyo,Cycling Road,"Road Race, Individual, Women",Gold
Annemiek van Vleuten,NED,2020,Summer,Tokyo,Cycling Road,"Road Race, Individual, Women",Silver
Elisa Longo Borghini,ITA,2020,Summer,Tokyo,Cycling Road,"Road Race, Individual, Women",Bronze
Annemiek van Vleuten,NED,2020,Summer,Tokyo,Cycling Road,"Individual Time Trial, Women",Gold
Marlen Reusser,SUI,2020,Summer,Tokyo,Cycling Road,"Individual Time Trial, Women",Silver
Anna van der Breggen,NED,2020,Summer,Tokyo,Cycling Road,"Individual Time Trial, Women",Bronze
Harrie Lavreysen,NED,2020,Summer,Tokyo,Cycling Track,"Sprint, Men",Gold
Jeffrey Hoogland,NED,2020,Summer,Tokyo,Cycling Track,"Sprint, Men",Silver
Jack Carlin,GBR,2020,Summer,Tokyo,Cycling Track,"Sprint, Men",Bronze
Jason Kenny,GBR,2020,Summer,Tokyo,Cycling Track,"Keirin, Men",Gold
Azizul Awang,MAS,2020,Summer,Tokyo,Cycling Track,"Keirin, Men",Silver
Harrie Lavreysen,NED,2020,Summer,Tokyo,Cycling Track,"Keirin, Men",Bronze
,NED,2020,Summer,Tokyo,Cycling Track,"Team Sprint, Men",Gold
,GBR,2020,Summer,Tokyo,Cycling Track,"Team Sprint, Men",Silver
,FRA,2020,Summer,Tokyo,Cycling Track,"Team Sprint, Men",Bronze
,ITA,2020,Summer,Tokyo,Cycling Track,"Team Pursuit, 4,000 metres, Men",Gold
,DEN,2020,Summer,Tokyo,Cycling Track,"Team Pursuit, 4,000 metres, Men",Silver
,AUS,2020,Summer,Tokyo,Cycling Track,"Team Pursuit, 4,000 metres, Men",Bronze
,DEN,2020,Summer,Tokyo,Cycling Track,"Madison, Men",Gold
,GBR,2020,Summer,Tokyo,Cycling Track,"Madison, Men",Silver
,FRA,2020,Summer,Tokyo,Cycling Track,"Madison, Men",Bronze
Matthew Walls,GBR,2020,Summer,Tokyo,Cycling Track,"Omnium, Men",Gold
Campbell Stewart,NZL,2020,Summer,Tokyo,Cycling Track,"Omnium, Men",Silver
Elia Viviani,ITA,2020,Summer,Tokyo,Cycling Track,"Omnium, Men",Bronze
Kelsey Mitchell,CAN,2020,Summer,Tokyo,Cycling Track,"Sprint, Women",Gold
Olena Starikova,UKR,2020,Summer,Tokyo,Cycling Track,"Sprint, Women",Silver
Sarah Lee,HKG,2020,Summer,Tokyo,Cycling Track,"Sprint, Women",Bronze
Shanne Braspennincx,NED,2020,Summer,Tokyo,Cycling Track,"Keirin, Women",Gold
Ellesse Andrews,NZL,2020,Summer,Tokyo,Cycling Track,"Keirin, Women",Silver
Lauriane Genest,CAN,2020,Summer,Tokyo,Cycling Track,"Keirin, Women",Bronze
,CHN,2020,Summer,Tokyo,Cycling Track,"Team Sprint, Women",Gold
,GER,2020,Summer,Tokyo,Cycling Track,"Team Sprint, Women",Silver
,ROC,2020,Summer,Tokyo,Cycling Track,"Team Sprint, Women",Bronze
,GER,2020,Summer,Tokyo,Cycling Track,"Team Pursuit, Women",Gold
,GBR,2020,Summer,Tokyo,Cycling Track,"Team Pursuit, Women",Silver
,USA,2020,Summer,Tokyo,Cycling Track,"Team Pursuit, Women",Bronze
Jennifer Valente,USA,2020,Summer,Tokyo,Cycling Track,"Omnium, Women",Gold
Yumi Kajihara,JPN,2020,Summer,Tokyo,Cycling Track,"Omnium, Women",Silver
Kirsten Wild,NED,2020,Summer,Tokyo,Cycling Track,"Omnium, Women",Bronze
,GBR,2020,Summer,Tokyo,Cycling Track,"Madison, Women",Gold
,DEN,2020,Summer,Tokyo,Cycling Track,"Madison, Women",Silver
,ROC,2020,Summer,Tokyo,Cycling Track,"Madison, Women",Bronze
Xie Siyi,CHN,2020,Summer,Tokyo,Diving,"Springboard, Men",Gold
Wang Zongyuan,CHN,2020,Summer,Tokyo,Diving,"Springboard, Men",Silver
Jack Laugher,GBR,2020,Summer,Tokyo,Diving,"Springboard, Men",Bronze
Cao Yuan,CHN,2020,Summer,Tokyo,Diving,"Platform, Men",Gold
Yang Jian,CHN,2020,Summer,Tokyo,Diving,"Platform, Men",Silver
Tom Daley,GBR,2020,Summer,Tokyo,Diving,"Platform, Men",Bronze
,CHN,2020,Summer,Tokyo,Diving,"Synchronized Springboard, Men",Gold
,USA,2020,Summer,Tokyo,Diving,"Synchronized Springboard, Men",Silver
,GER,2020,Summer,Tokyo,Diving,"Synchronized Springboard, Men",Bronze
,GBR,2020,Summer,Tokyo,Diving,"Synchronized Platform, Men",Gold
,CHN,2020,Summer,Tokyo,Diving,"Synchronized Platform, Men",Silver
,ROC,2020,Summer,Tokyo,Diving,"Synchronized Platform, Men",Bronze
Shi Tingmao,CHN,2020,Summer,Tokyo,Diving,"Springboard, Women",Gold
Wang Han,CHN,2020,Summer,Tokyo,Diving,"Springboard, Women",Silver
Krysta Palmer,USA,2020,Summer,Tokyo,Diving,"Springboard, Women",Bronze
Quan Hongchan,CHN,2020,Summer,Tokyo,Diving,"Platform, Women",Gold
Chen Yuxi,CHN,2020,Summer,Tokyo,Diving,"Platform, Women",Silver
Melissa Wu,AUS,2020,Summer,Tokyo,Diving,"Platform, Women",Bronze
,CHN,2020,Summer,Tokyo,Diving,"Synchronized Springboard, Women",Gold
,CAN,2020,Summer,Tokyo,Diving,"Synchronized Springboard, Women",Silver
,GER,2020,Summer,Tokyo,Diving,"Synchronized Springboard, Women",Bronze
,CHN,2020,Summer,Tokyo,Diving,"Synchronized Platform, Women",Gold
,USA,2020,Summer,Tokyo,Diving,"Synchronized Platform, Women",Silver
,MEX,2020,Summer,Tokyo,Diving,"Synchronized Platform, Women",Bronze
Jessica von Bredow-Werndl,GER,2020,Summer,Tokyo,Equestrian Dressage,"Individual, Open",Gold
Isabell Werth,GER,2020,Summer,Tokyo,Equestrian Dressage,"Individual, Open",Silver
Charlotte Dujardin,GBR,2020,Summer,Tokyo,Equestrian Dressage,"Individual, Open",Bronze
,GER,2020,Summer,Tokyo,Equestrian Dressage,"Team, Open",Gold
,USA,2020,Summer,Tokyo,Equestrian Dressage,"Team, Open",Silver
,GBR,2020,Summer,Tokyo,Equestrian Dressage,"Team, Open",Bronze
Julia Krajewski,GER,2020,Summer,Tokyo,Equestrian Eventing,"Individual, Open",Gold
Tom McEwen,GBR,2020,Summer,Tokyo,Equestrian Eventing,"Individual, Open",Silver
Andrew Hoy,AUS,2020,Summer,Tokyo,Equestrian Eventing,"Individual, Open",Bronze
,GBR,2020,Summer,Tokyo,Equestrian Eventing,"Team, Open",Gold
,AUS,2020,Summer,Tokyo,Equestrian Eventing,"Team, Open",Silver
,FRA,2020,Summer,Tokyo,Equestrian Eventing,"Team, Open",Bronze
Ben Maher,GBR,2020,Summer,Tokyo,Equestrian Jumping,"Individual, Open",Gold
Peder Fredricson,SWE,2020,Summer,Tokyo,Equestrian Jumping,"Individual, Open",Silver
Maikel van der Vleuten,NED,2020,Summer,Tokyo,Equestrian Jumping,"Individual, Open",Bronze
,SWE,2020,Summer,Tokyo,Equestrian Jumping,"Team, Open",Gold
,USA,2020,Summer,Tokyo,Equestrian Jumping,"Team, Open",Silver
,BEL,2020,Summer,Tokyo,Equestrian Jumping,"Team, Open",Bronze
Edgar Cheung,HKG,2020,Summer,Tokyo,Fencing,"Foil, Individual, Men",Gold
Daniele Garozzo,ITA,2020,Summer,Tokyo,Fencing,"Foil, Individual, Men",Silver
Alexander Choupenitch,CZE,2020,Summer,Tokyo,Fencing,"Foil, Individual, Men",Bronze
,FRA,2020,Summer,Tokyo,Fencing,"Foil, Team, Men",Gold
,ROC,2020,Summer,Tokyo,Fencing,"Foil, Team, Men",Silver
,USA,2020,Summer,Tokyo,Fencing,"Foil, Team, Men",Bronze
Romain Cannone,FRA,2020,Summer,Tokyo,Fencing,"Épée, Individual, Men",Gold
Gergely Siklósi,HUN,2020,Summer,Tokyo,Fencing,"Épée, Individual, Men",Silver
Ihor Reizlin,UKR,2020,Summer,Tokyo,Fencing,"Épée, Individual, Men",Bronze
,JPN,2020,Summer,Tokyo,Fencing,"Épée, Team, Men",Gold
,ROC,2020,Summer,Tokyo,Fencing,"Épée, Team, Men",Silver
,KOR,2020,Summer,Tokyo,Fencing,"Épée, Team, Men",Bronze
Áron Szilágyi,HUN,2020,Summer,Tokyo,Fencing,"Sabre, Individual, Men",Gold
Luigi Samele,ITA,2020,Summer,Tokyo,Fencing,"Sabre, Individual, Men",Silver
Kim Jeong-Hwan,KOR,2020,Summer,Tokyo,Fencing,"Sabre, Individual, Men",Bronze
,KOR,2020,Summer,Tokyo,Fencing,"Sabre, Team, Men",Gold
,ITA,2020,Summer,Tokyo,Fencing,"Sabre, Team, Men",Silver
,HUN,2020,Summer,Tokyo,Fencing,"Sabre, Team, Men",Bronze
Lee Kiefer,USA,2020,Summer,Tokyo,Fencing,"Foil, Individual, Women",Gold
Inna Deriglazova,ROC,2020,Summer,Tokyo,Fencing,"Foil, Individual, Women",Silver
Larisa Korobeynikova,ROC,2020,Summer,Tokyo,Fencing,"Foil, Individual, Women",Bronze
,ROC,2020,Summer,Tokyo,Fencing,"Foil, Team, Women",Gold
,FRA,2020,Summer,Tokyo,Fencing,"Foil, Team, Women",Silver
,ITA,2020,Summer,Tokyo,Fencing,"Foil, Team, Women",Bronze
Sun Yiwen,CHN,2020,Summer,Tokyo,Fencing,"Épée, Individual, Women",Gold
Ana Maria Popescu,ROU,2020,Summer,Tokyo,Fencing,"Épée, Individual, Women",Silver
Katrina Lehis,EST,2020,Summer,Tokyo,Fencing,"Épée, Individual, Women",Bronze
,EST,2020,Summer,Tokyo,Fencing,"Épée, Team, Women",Gold
,KOR,2020,Summer,Tokyo,Fencing,"Épée, Team, Women",Silver
,ITA,2020,Summer,Tokyo,Fencing,"Épée, Team, Women",Bronze
Sofiya Pozdnyakova,ROC,2020,Summer,Tokyo,Fencing,"Sabre, Individual, Women",Gold
Sofya Velikaya,ROC,2020,Summer,Tokyo,Fencing,"Sabre, Individual, Women",Silver
Manon Brunet,FRA,2020,Summer,Tokyo,Fencing,"Sabre, Individual, Women",Bronze
,ROC,2020,Summer,Tokyo,Fencing,"Sabre, Team, Women",Gold
,FRA,2020,Summer,Tokyo,Fencing,"Sabre, Team, Women",Silver
,KOR,2020,Summer,Tokyo,Fencing,"Sabre, Team, Women",Bronze
,BRA,2020,Summer,Tokyo,Football,"Football, Men",Gold
,ESP,2020,Summer,Tokyo,Football,"Football, Men",Silver
,MEX,2020,Summer,Tokyo,Football,"Football, Men",Bronze
,CAN,2020,Summer,Tokyo,Football,"Football, Women",Gold
,SWE,2020,Summer,Tokyo,Football,"Football, Women",Silver
,USA,2020,Summer,Tokyo,Football,"Football, Women",Bronze
Xander Schauffele,USA,2020,Summer,Tokyo,Golf,"Individual, Men",Gold
Rory Sabbatini,SVK,2020,Summer,Tokyo,Golf,"Individual, Men",Silver
C. T. Pan,TPE,2020,Summer,Tokyo,Golf,"Individual, Men",Bronze
Nelly Korda,USA,2020,Summer,Tokyo,Golf,"Individual, Women",Gold
Mone Inami,JPN,2020,Summer,Tokyo,Golf,"Individual, Women",Silver
Lydia Ko,NZL,2020,Summer,Tokyo,Golf,"Individual, Women",Bronze
,FRA,2020,Summer,Tokyo,Handball,"Handball, Men",Gold
,DEN,2020,Summer,Tokyo,Handball,"Handball, Men",Silver
,ESP,2020,Summer,Tokyo,Handball,"Handball, Men",Bronze
,FRA,2020,Summer,Tokyo,Handball,"Handball, Women",Gold
,ROC,2020,Summer,Tokyo,Handball,"Handball, Women",Silver
,NOR,2020,Summer,Tokyo,Handball,"Handball, Women",Bronze
,BEL,2020,Summer,Tokyo,Hockey,"Hockey, Men",Gold
,AUS,2020,Summer,Tokyo,Hockey,"Hockey, Men",Silver
,IND,2020,Summer,Tokyo,Hockey,"Hockey, Men",Bronze
,NED,2020,Summer,Tokyo,Hockey,"Hockey, Women",Gold
,ARG,2020,Summer,Tokyo,Hockey,"Hockey, Women",Silver
,GBR,2020,Summer,Tokyo,Hockey,"Hockey, Women",Bronze
Naohisa Takato,JPN,2020,Summer,Tokyo,Judo,"Extra-Lightweight, Men",Gold
Yang Yung-Wei,TPE,2020,Summer,Tokyo,Judo,"Extra-Lightweight, Men",Silver
Hifumi Abe,JPN,2020,Summer,Tokyo,Judo,"Half-Lightweight, Men",Gold
Vazha Margvelashvili,GEO,2020,Summer,Tokyo,Judo,"Half-Lightweight, Men",Silver
Shohei Ono,JPN,2020,Summer,Tokyo,Judo,"Lightweight, Men",Gold
Lasha Shavdatuashvili,GEO,2020,Summer,Tokyo,Judo,"Lightweight, Men",Silver
Takanori Nagase,JPN,2020,Summer,Tokyo,Judo,"Half-Middleweight, Men",Gold
Saeid Mollaei,MGL,2020,Summer,Tokyo,Judo,"Half-Middleweight, Men",Silver
Lasha Bekauri,GEO,2020,Summer,Tokyo,Judo,"Middleweight, Men",Gold
Eduard Trippel,GER,2020,Summer,Tokyo,Judo,"Middleweight, Men",Silver
Aaron Wolf,JPN,2020,Summer,Tokyo,Judo,"Half-Heavyweight, Men",Gold
Jo Gu-Ham,KOR,2020,Summer,Tokyo,Judo,"Half-Heavyweight, Men",Silver
Lukáš Krpálek,CZE,2020,Summer,Tokyo,Judo,"Heavyweight, Men",Gold
Guram Tushishvili,GEO,2020,Summer,Tokyo,Judo,"Heavyweight, Men",Silver
Distria Krasniqi,KOS,2020,Summer,Tokyo,Judo,"Extra-Lightweight, Women",Gold
Funa Tonaki,JPN,2020,Summer,Tokyo,Judo,"Extra-Lightweight, Women",Silver
Uta Abe,JPN,2020,Summer,Tokyo,Judo,"Half-Lightweight, Women",Gold
Amandine Buchard,FRA,2020,Summer,Tokyo,Judo,"Half-Lightweight, Women",Silver
Nora Gjakova,KOS,2020,Summer,Tokyo,Judo,"Lightweight, Women",Gold
Sarah-Léonie Cysique,FRA,2020,Summer,Tokyo,Judo,"Lightweight, Women",Silver
Clarisse Agbegnenou,FRA,2020,Summer,Tokyo,Judo,"Half-Middleweight, Women",Gold
Tina Trstenjak,SLO,2020,Summer,Tokyo,Judo,"Half-Middleweight, Women",Silver
Chizuru Arai,JPN,2020,Summer,Tokyo,Judo,"Middleweight, Women",Gold
Michaela Polleres,AUT,2020,Summer,Tokyo,Judo,"Middleweight, Women",Silver
Shori Hamada,JPN,2020,Summer,Tokyo,Judo,"Half-Heavyweight, Women",Gold
Madeleine Malonga,FRA,2020,Summer,Tokyo,Judo,"Half-Heavyweight, Women",Silver
Akira Sone,JPN,2020,Summer,Tokyo,Judo,"Heavyweight, Women",Gold
Idalys Ortiz,CUB,2020,Summer,Tokyo,Judo,"Heavyweight, Women",Silver
FRA,JPN,2020,Summer,Tokyo,Judo,"Team, Mixed",Gold
GER,ISR,2020,Summer,Tokyo,Judo,"Team, Mixed",Silver
[],[],2020,Summer,Tokyo,Judo,"Team, Mixed",Bronze
Ryo Kiyuna,JPN,2020,Summer,Tokyo,Karate,"Kata, Men",Gold
Damián Quintero,ESP,2020,Summer,Tokyo,Karate,"Kata, Men",Silver
Steven Da Costa,FRA,2020,Summer,Tokyo,Karate,"Kumite, ≤67 kg, Men",Gold
Eray Şamdan,TUR,2020,Summer,Tokyo,Karate,"Kumite, ≤67 kg, Men",Silver
Luigi Busà,ITA,2020,Summer,Tokyo,Karate,"Kumite, ≤75 kg, Men",Gold
Rəfael Ağayev,AZE,2020,Summer,Tokyo,Karate,"Kumite, ≤75 kg, Men",Silver
Sajad Ganjzadeh,IRI,2020,Summer,Tokyo,Karate,"Kumite, >75 kg, Men",Gold
Tareg Hamedi,KSA,2020,Summer,Tokyo,Karate,"Kumite, >75 kg, Men",Silver
Sandra Sánchez,ESP,2020,Summer,Tokyo,Karate,"Kata, Women",Gold
Kiyou Shimizu,JPN,2020,Summer,Tokyo,Karate,"Kata, Women",Silver
Ivet Goranova,BUL,2020,Summer,Tokyo,Karate,"Kumite, ≤55 kg, Women",Gold
Anzhelika Terliuha,UKR,2020,Summer,Tokyo,Karate,"Kumite, ≤55 kg, Women",Silver
Jovana Preković,SRB,2020,Summer,Tokyo,Karate,"Kumite, ≤61 kg, Women",Gold
Yin Xiaoyan,CHN,2020,Summer,Tokyo,Karate,"Kumite, ≤61 kg, Women",Silver
Feryal Ashraf,EGY,2020,Summer,Tokyo,Karate,"Kumite, >61 kg, Women",Gold
İrina Zaretska,AZE,2020,Summer,Tokyo,Karate,"Kumite, >61 kg, Women",Silver
Florian Wellbrock,GER,2020,Summer,Tokyo,Marathon Swimming,"10 kilometres Open Water, Men",Gold
Kristóf Rasovszky,HUN,2020,Summer,Tokyo,Marathon Swimming,"10 kilometres Open Water, Men",Silver
Gregorio Paltrinieri,ITA,2020,Summer,Tokyo,Marathon Swimming,"10 kilometres Open Water, Men",Bronze
Ana Marcela Cunha,BRA,2020,Summer,Tokyo,Marathon Swimming,"10 kilometres Open Water, Women",Gold
Sharon van Rouwendaal,NED,2020,Summer,Tokyo,Marathon Swimming,"10 kilometres Open Water, Women",Silver
Kareena Lee,AUS,2020,Summer,Tokyo,Marathon Swimming,"10 kilometres Open Water, Women",Bronze
Joe Choong,GBR,2020,Summer,Tokyo,Modern Pentathlon,"Individual, Men",Gold
Ahmed El-Gendy,EGY,2020,Summer,Tokyo,Modern Pentathlon,"Individual, Men",Silver
Jeon Ung-Tae,KOR,2020,Summer,Tokyo,Modern Pentathlon,"Individual, Men",Bronze
Kate French,GBR,2020,Summer,Tokyo,Modern Pentathlon,"Individual, Women",Gold
Laura Asadauskaitė,LTU,2020,Summer,Tokyo,Modern Pentathlon,"Individual, Women",Silver
Sarolta Kovács,HUN,2020,Summer,Tokyo,Modern Pentathlon,"Individual, Women",Bronze
Linoy Ashram,ISR,2020,Summer,Tokyo,Rhythmic Gymnastics,"Individual, Women",Gold
Dina Averina,ROC,2020,Summer,Tokyo,Rhythmic Gymnastics,"Individual, Women",Silver
Alina Harnasko,BLR,2020,Summer,Tokyo,Rhythmic Gymnastics,"Individual, Women",Bronze
,BUL,2020,Summer,Tokyo,Rhythmic Gymnastics,"Group, Women",Gold
,ROC,2020,Summer,Tokyo,Rhythmic Gymnastics,"Group, Women",Silver
,ITA,2020,Summer,Tokyo,Rhythmic Gymnastics,"Group, Women",Bronze
Stefanos Ntouskos,GRE,2020,Summer,Tokyo,Rowing,"Single Sculls, Men",Gold
Kjetil Borch,NOR,2020,Summer,Tokyo,Rowing,"Single Sculls, Men",Silver
Damir Martin,CRO,2020,Summer,Tokyo,Rowing,"Single Sculls, Men",Bronze
,FRA,2020,Summer,Tokyo,Rowing,"Double Sculls, Men",Gold
,NED,2020,Summer,Tokyo,Rowing,"Double Sculls, Men",Silver
,CHN,2020,Summer,Tokyo,Rowing,"Double Sculls, Men",Bronze
,NED,2020,Summer,Tokyo,Rowing,"Quadruple Sculls, Men",Gold
,GBR,2020,Summer,Tokyo,Rowing,"Quadruple Sculls, Men",Silver
,AUS,2020,Summer,Tokyo,Rowing,"Quadruple Sculls, Men",Bronze
,CRO,2020,Summer,Tokyo,Rowing,"Coxless Pairs, Men",Gold
,ROU,2020,Summer,Tokyo,Rowing,"Coxless Pairs, Men",Silver
,DEN,2020,Summer,Tokyo,Rowing,"Coxless Pairs, Men",Bronze
,AUS,2020,Summer,Tokyo,Rowing,"Coxless Fours, Men",Gold
,ROU,2020,Summer,Tokyo,Rowing,"Coxless Fours, Men",Silver
,ITA,2020,Summer,Tokyo,Rowing,"Coxless Fours, Men",Bronze
,NZL,2020,Summer,Tokyo,Rowing,"Eights, Men",Gold
,GER,2020,Summer,Tokyo,Rowing,"Eights, Men",Silver
,GBR,2020,Summer,Tokyo,Rowing,"Eights, Men",Bronze
,IRL,2020,Summer,Tokyo,Rowing,"Lightweight Double Sculls, Men",Gold
,GER,2020,Summer,Tokyo,Rowing,"Lightweight Double Sculls, Men",Silver
,ITA,2020,Summer,Tokyo,Rowing,"Lightweight Double Sculls, Men",Bronze
Emma Twigg,NZL,2020,Summer,Tokyo,Rowing,"Single Sculls, Women",Gold
Anna Prakaten,ROC,2020,Summer,Tokyo,Rowing,"Single Sculls, Women",Silver
Magdalena Lobnig,AUT,2020,Summer,Tokyo,Rowing,"Single Sculls, Women",Bronze
,ROU,2020,Summer,Tokyo,Rowing,"Double Sculls, Women",Gold
,NZL,2020,Summer,Tokyo,Rowing,"Double Sculls, Women",Silver
,NED,2020,Summer,Tokyo,Rowing,"Double Sculls, Women",Bronze
,CHN,2020,Summer,Tokyo,Rowing,"Quadruple Sculls, Women",Gold
,POL,2020,Summer,Tokyo,Rowing,"Quadruple Sculls, Women",Silver
,AUS,2020,Summer,Tokyo,Rowing,"Quadruple Sculls, Women",Bronze
,NZL,2020,Summer,Tokyo,Rowing,"Coxless Pairs, Women",Gold
,ROC,2020,Summer,Tokyo,Rowing,"Coxless Pairs, Women",Silver
,CAN,2020,Summer,Tokyo,Rowing,"Coxless Pairs, Women",Bronze
,AUS,2020,Summer,Tokyo,Rowing,"Coxless Fours, Women",Gold
,NED,2020,Summer,Tokyo,Rowing,"Coxless Fours, Women",Silver
,IRL,2020,Summer,Tokyo,Rowing,"Coxless Fours, Women",Bronze
,CAN,2020,Summer,Tokyo,Rowing,"Eights, Women",Gold
,NZL,2020,Summer,Tokyo,Rowing,"Eights, Women",Silver
,CHN,2020,Summer,Tokyo,Rowing,"Eights, Women",Bronze
,ITA,2020,Summer,Tokyo,Rowing,"Lightweight Double Sculls, Women",Gold
,FRA,2020,Summer,Tokyo,Rowing,"Lightweight Double Sculls, Women",Silver
,NED,2020,Summer,Tokyo,Rowing,"Lightweight Double Sculls, Women",Bronze
,FIJ,2020,Summer,Tokyo,Rugby Sevens,"Rugby Sevens, Men",Gold
,NZL,2020,Summer,Tokyo,Rugby Sevens,"Rugby Sevens, Men",Silver
,ARG,2020,Summer,Tokyo,Rugby Sevens,"Rugby Sevens, Men",Bronze
,NZL,2020,Summer,Tokyo,Rugby Sevens,"Rugby Sevens, Women",Gold
,FRA,2020,Summer,Tokyo,Rugby Sevens,"Rugby Sevens, Women",Silver
,FIJ,2020,Summer,Tokyo,Rugby Sevens,"Rugby Sevens, Women",Bronze
Kiran Badloe,NED,2020,Summer,Tokyo,Sailing,"Windsurfer, Men",Gold
Thomas Goyard,FRA,2020,Summer,Tokyo,Sailing,"Windsurfer, Men",Silver
Bi Kun,CHN,2020,Summer,Tokyo,Sailing,"Windsurfer, Men",Bronze
Matthew Wearn,AUS,2020,Summer,Tokyo,Sailing,"One Person Dinghy, Men",Gold
Tonči Stipanović,CRO,2020,Summer,Tokyo,Sailing,"One Person Dinghy, Men",Silver
Hermann Tomasgaard,NOR,2020,Summer,Tokyo,Sailing,"One Person Dinghy, Men",Bronze
,AUS,2020,Summer,Tokyo,Sailing,"Two Person Dinghy, Men",Gold
,SWE,2020,Summer,Tokyo,Sailing,"Two Person Dinghy, Men",Silver
,ESP,2020,Summer,Tokyo,Sailing,"Two Person Dinghy, Men",Bronze
,GBR,2020,Summer,Tokyo,Sailing,"Skiff, Men",Gold
,NZL,2020,Summer,Tokyo,Sailing,"Skiff, Men",Silver
,GER,2020,Summer,Tokyo,Sailing,"Skiff, Men",Bronze
Giles Scott,GBR,2020,Summer,Tokyo,Sailing,"One Person Heavyweight Dinghy, Men",Gold
Zsombor Berecz,HUN,2020,Summer,Tokyo,Sailing,"One Person Heavyweight Dinghy, Men",Silver
Joan Cardona,ESP,2020,Summer,Tokyo,Sailing,"One Person Heavyweight Dinghy, Men",Bronze
Lu Yunxiu,CHN,2020,Summer,Tokyo,Sailing,"Windsurfer, Women",Gold
Charline Picon,FRA,2020,Summer,Tokyo,Sailing,"Windsurfer, Women",Silver
Emma Wilson,GBR,2020,Summer,Tokyo,Sailing,"Windsurfer, Women",Bronze
Anne-Marie Rindom,DEN,2020,Summer,Tokyo,Sailing,"One Person Dinghy, Women",Gold
Josefin Olsson,SWE,2020,Summer,Tokyo,Sailing,"One Person Dinghy, Women",Silver
Marit Bouwmeester,NED,2020,Summer,Tokyo,Sailing,"One Person Dinghy, Women",Bronze
,GBR,2020,Summer,Tokyo,Sailing,"Two Person Dinghy, Women",Gold
,POL,2020,Summer,Tokyo,Sailing,"Two Person Dinghy, Women",Silver
,FRA,2020,Summer,Tokyo,Sailing,"Two Person Dinghy, Women",Bronze
,BRA,2020,Summer,Tokyo,Sailing,"Skiff, Women",Gold
,GER,2020,Summer,Tokyo,Sailing,"Skiff, Women",Silver
,NED,2020,Summer,Tokyo,Sailing,"Skiff, Women",Bronze
,ITA,2020,Summer,Tokyo,Sailing,"Multihull, Mixed",Gold
,GBR,2020,Summer,Tokyo,Sailing,"Multihull, Mixed",Silver
,GER,2020,Summer,Tokyo,Sailing,"Multihull, Mixed",Bronze
Javad Foroughi,IRI,2020,Summer,Tokyo,Shooting,"Air Pistol, 10 metres, Men",Gold
Damir Mikec,SRB,2020,Summer,Tokyo,Shooting,"Air Pistol, 10 metres, Men",Silver
Pang Wei,CHN,2020,Summer,Tokyo,Shooting,"Air Pistol, 10 metres, Men",Bronze
Jean Quiquampoix,FRA,2020,Summer,Tokyo,Shooting,"Rapid-Fire Pistol, 25 metres, Men",Gold
Leuris Pupo,CUB,2020,Summer,Tokyo,Shooting,"Rapid-Fire Pistol, 25 metres, Men",Silver
Li Yuehong,CHN,2020,Summer,Tokyo,Shooting,"Rapid-Fire Pistol, 25 metres, Men",Bronze
Will Shaner,USA,2020,Summer,Tokyo,Shooting,"Air Rifle, 10 metres, Men",Gold
Sheng Lihao,CHN,2020,Summer,Tokyo,Shooting,"Air Rifle, 10 metres, Men",Silver
Yang Haoran,CHN,2020,Summer,Tokyo,Shooting,"Air Rifle, 10 metres, Men",Bronze
Zhang Changhong,CHN,2020,Summer,Tokyo,Shooting,"Small-Bore Rifle, Three Positions, 50 metres, Men",Gold
Sergey Kamensky,ROC,2020,Summer,Tokyo,Shooting,"Small-Bore Rifle, Three Positions, 50 metres, Men",Silver
Milenko Sebić,SRB,2020,Summer,Tokyo,Shooting,"Small-Bore Rifle, Three Positions, 50 metres, Men",Bronze
Jiří Lipták,CZE,2020,Summer,Tokyo,Shooting,"Trap, Men",Gold
David Kostelecký,CZE,2020,Summer,Tokyo,Shooting,"Trap, Men",Silver
Matthew Coward-Holley,GBR,2020,Summer,Tokyo,Shooting,"Trap, Men",Bronze
Vincent Hancock,USA,2020,Summer,Tokyo,Shooting,"Skeet, Men",Gold
Jesper Hansen,DEN,2020,Summer,Tokyo,Shooting,"Skeet, Men",Silver
Abdullah Al-Rashidi,KUW,2020,Summer,Tokyo,Shooting,"Skeet, Men",Bronze
Vitalina Batsarashkina,ROC,2020,Summer,Tokyo,Shooting,"Air Pistol, 10 metres, Women",Gold
Antoaneta Kostadinova,BUL,2020,Summer,Tokyo,Shooting,"Air Pistol, 10 metres, Women",Silver
Jiang Ranxin,CHN,2020,Summer,Tokyo,Shooting,"Air Pistol, 10 metres, Women",Bronze
Vitalina Batsarashkina,ROC,2020,Summer,Tokyo,Shooting,"Sporting Pistol, 25 metres, Women",Gold
Kim Min-Jeong,KOR,2020,Summer,Tokyo,Shooting,"Sporting Pistol, 25 metres, Women",Silver
Xiao Jiaruixuan,CHN,2020,Summer,Tokyo,Shooting,"Sporting Pistol, 25 metres, Women",Bronze
Yang Qian,CHN,2020,Summer,Tokyo,Shooting,"Air Rifle, 10 metres, Women",Gold
Anastasiya Galashina,ROC,2020,Summer,Tokyo,Shooting,"Air Rifle, 10 metres, Women",Silver
Nina Christen,SUI,2020,Summer,Tokyo,Shooting,"Air Rifle, 10 metres, Women",Bronze
Nina Christen,SUI,2020,Summer,Tokyo,Shooting,"Small-Bore Rifle, Three Positions, 50 metres, Women",Gold
Yuliya Zykova,ROC,2020,Summer,Tokyo,Shooting,"Small-Bore Rifle, Three Positions, 50 metres, Women",Silver
Yuliya Karimova,ROC,2020,Summer,Tokyo,Shooting,"Small-Bore Rifle, Three Positions, 50 metres, Women",Bronze
Zuzana Rehák Štefečeková,SVK,2020,Summer,Tokyo,Shooting,"Trap, Women",Gold
Kayle Browning,USA,2020,Summer,Tokyo,Shooting,"Trap, Women",Silver
Alessandra Perilli,SMR,2020,Summer,Tokyo,Shooting,"Trap, Women",Bronze
Amber English,USA,2020,Summer,Tokyo,Shooting,"Skeet, Women",Gold
Diana Bacosi,ITA,2020,Summer,Tokyo,Shooting,"Skeet, Women",Silver
Wei Meng,CHN,2020,Summer,Tokyo,Shooting,"Skeet, Women",Bronze
,CHN,2020,Summer,Tokyo,Shooting,"Air Pistol, 10 metres, Team, Mixed",Gold
,ROC,2020,Summer,Tokyo,Shooting,"Air Pistol, 10 metres, Team, Mixed",Silver
,UKR,2020,Summer,Tokyo,Shooting,"Air Pistol, 10 metres, Team, Mixed",Bronze
,CHN,2020,Summer,Tokyo,Shooting,"Air Rifle, 10 metres, Team, Mixed",Gold
,USA,2020,Summer,Tokyo,Shooting,"Air Rifle, 10 metres, Team, Mixed",Silver
,ROC,2020,Summer,Tokyo,Shooting,"Air Rifle, 10 metres, Team, Mixed",Bronze
,ESP,2020,Summer,Tokyo,Shooting,"Trap, Team, Mixed",Gold
,SMR,2020,Summer,Tokyo,Shooting,"Trap, Team, Mixed",Silver
,USA,2020,Summer,Tokyo,Shooting,"Trap, Team, Mixed",Bronze
Yuto Horigome,JPN,2020,Summer,Tokyo,Skateboarding,"Street, Men",Gold
Kelvin Hoefler,BRA,2020,Summer,Tokyo,Skateboarding,"Street, Men",Silver
Jagger Eaton,USA,2020,Summer,Tokyo,Skateboarding,"Street, Men",Bronze
Keegan Palmer,AUS,2020,Summer,Tokyo,Skateboarding,"Park, Men",Gold
Pedro Barros,BRA,2020,Summer,Tokyo,Skateboarding,"Park, Men",Silver
Cory Juneau,USA,2020,Summer,Tokyo,Skateboarding,"Park, Men",Bronze
Momiji Nishiya,JPN,2020,Summer,Tokyo,Skateboarding,"Street, Women",Gold
Rayssa Leal,BRA,2020,Summer,Tokyo,Skateboarding,"Street, Women",Silver
Funa Nakayama,JPN,2020,Summer,Tokyo,Skateboarding,"Street, Women",Bronze
Sakura Yosozumi,JPN,2020,Summer,Tokyo,Skateboarding,"Park, Women",Gold
Kokona Hiraki,JPN,2020,Summer,Tokyo,Skateboarding,"Park, Women",Silver
Sky Brown,GBR,2020,Summer,Tokyo,Skateboarding,"Park, Women",Bronze
,JPN,2020,Summer,Tokyo,Softball,"Softball, Women",Gold
,USA,2020,Summer,Tokyo,Softball,"Softball, Women",Silver
,CAN,2020,Summer,Tokyo,Softball,"Softball, Women",Bronze
Alberto Ginés,ESP,2020,Summer,Tokyo,Sport Climbing,"Combined, Men",Gold
Nathaniel Coleman,USA,2020,Summer,Tokyo,Sport Climbing,"Combined, Men",Silver
Jakob Schubert,AUT,2020,Summer,Tokyo,Sport Climbing,"Combined, Men",Bronze
Janja Garnbret,SLO,2020,Summer,Tokyo,Sport Climbing,"Combined, Women",Gold
Miho Nonaka,JPN,2020,Summer,Tokyo,Sport Climbing,"Combined, Women",Silver
Akiyo Noguchi,JPN,2020,Summer,Tokyo,Sport Climbing,"Combined, Women",Bronze
Ítalo Ferreira,BRA,2020,Summer,Tokyo,Surfing,"Shortboard, Men",Gold
Kanoa Igarashi,JPN,2020,Summer,Tokyo,Surfing,"Shortboard, Men",Silver
Owen Wright,AUS,2020,Summer,Tokyo,Surfing,"Shortboard, Men",Bronze
Carissa Moore,USA,2020,Summer,Tokyo,Surfing,"Shortboard, Women",Gold
Bianca Buitendag,RSA,2020,Summer,Tokyo,Surfing,"Shortboard, Women",Silver
Amuro Tsuzuki,JPN,2020,Summer,Tokyo,Surfing,"Shortboard, Women",Bronze
Caeleb Dressel,USA,2020,Summer,Tokyo,Swimming,"50 metres Freestyle, Men",Gold
Florent Manaudou,FRA,2020,Summer,Tokyo,Swimming,"50 metres Freestyle, Men",Silver
Bruno Fratus,BRA,2020,Summer,Tokyo,Swimming,"50 metres Freestyle, Men",Bronze
Caeleb Dressel,USA,2020,Summer,Tokyo,Swimming,"100 metres Freestyle, Men",Gold
Kyle Chalmers,AUS,2020,Summer,Tokyo,Swimming,"100 metres Freestyle, Men",Silver
Kliment Kolesnikov,ROC,2020,Summer,Tokyo,Swimming,"100 metres Freestyle, Men",Bronze
Tom Dean,GBR,2020,Summer,Tokyo,Swimming,"200 metres Freestyle, Men",Gold
Duncan Scott,GBR,2020,Summer,Tokyo,Swimming,"200 metres Freestyle, Men",Silver
Fernando Scheffer,BRA,2020,Summer,Tokyo,Swimming,"200 metres Freestyle, Men",Bronze
Ahmed Hafnaoui,TUN,2020,Summer,Tokyo,Swimming,"400 metres Freestyle, Men",Gold
Jack McLoughlin,AUS,2020,Summer,Tokyo,Swimming,"400 metres Freestyle, Men",Silver
Kieran Smith,USA,2020,Summer,Tokyo,Swimming,"400 metres Freestyle, Men",Bronze
Bobby Finke,USA,2020,Summer,Tokyo,Swimming,"800 metres Freestyle, Men",Gold
Gregorio Paltrinieri,ITA,2020,Summer,Tokyo,Swimming,"800 metres Freestyle, Men",Silver
Mykhailo Romanchuk,UKR,2020,Summer,Tokyo,Swimming,"800 metres Freestyle, Men",Bronze
Bobby Finke,USA,2020,Summer,Tokyo,Swimming,"1,500 metres Freestyle, Men",Gold
Mykhailo Romanchuk,UKR,2020,Summer,Tokyo,Swimming,"1,500 metres Freestyle, Men",Silver
Florian Wellbrock,GER,2020,Summer,Tokyo,Swimming,"1,500 metres Freestyle, Men",Bronze
,USA,2020,Summer,Tokyo,Swimming,"4 × 100 metres Freestyle Relay, Men",Gold
,ITA,2020,Summer,Tokyo,Swimming,"4 × 100 metres Freestyle Relay, Men",Silver
,AUS,2020,Summer,Tokyo,Swimming,"4 × 100 metres Freestyle Relay, Men",Bronze
,GBR,2020,Summer,Tokyo,Swimming,"4 × 200 metres Freestyle Relay, Men",Gold
,ROC,2020,Summer,Tokyo,Swimming,"4 × 200 metres Freestyle Relay, Men",Silver
,AUS,2020,Summer,Tokyo,Swimming,"4 × 200 metres Freestyle Relay, Men",Bronze
Yevgeny Rylov,ROC,2020,Summer,Tokyo,Swimming,"100 metres Backstroke, Men",Gold
Kliment Kolesnikov,ROC,2020,Summer,Tokyo,Swimming,"100 metres Backstroke, Men",Silver
Ryan Murphy,USA,2020,Summer,Tokyo,Swimming,"100 metres Backstroke, Men",Bronze
Yevgeny Rylov,ROC,2020,Summer,Tokyo,Swimming,"200 metres Backstroke, Men",Gold
Ryan Murphy,USA,2020,Summer,Tokyo,Swimming,"200 metres Backstroke, Men",Silver
Luke Greenbank,GBR,2020,Summer,Tokyo,Swimming,"200 metres Backstroke, Men",Bronze
Adam Peaty,GBR,2020,Summer,Tokyo,Swimming,"100 metres Breaststroke, Men",Gold
Arno Kamminga,NED,2020,Summer,Tokyo,Swimming,"100 metres Breaststroke, Men",Silver
Nicolò Martinenghi,ITA,2020,Summer,Tokyo,Swimming,"100 metres Breaststroke, Men",Bronze
Zac Stubblety-Cook,AUS,2020,Summer,Tokyo,Swimming,"200 metres Breaststroke, Men",Gold
Arno Kamminga,NED,2020,Summer,Tokyo,Swimming,"200 metres Breaststroke, Men",Silver
Matti Mattsson,FIN,2020,Summer,Tokyo,Swimming,"200 metres Breaststroke, Men",Bronze
Caeleb Dressel,USA,2020,Summer,Tokyo,Swimming,"100 metres Butterfly, Men",Gold
Kristóf Milák,HUN,2020,Summer,Tokyo,Swimming,"100 metres Butterfly, Men",Silver
Noè Ponti,SUI,2020,Summer,Tokyo,Swimming,"100 metres Butterfly, Men",Bronze
Kristóf Milák,HUN,2020,Summer,Tokyo,Swimming,"200 metres Butterfly, Men",Gold
Tomoru Honda,JPN,2020,Summer,Tokyo,Swimming,"200 metres Butterfly, Men",Silver
Federico Burdisso,ITA,2020,Summer,Tokyo,Swimming,"200 metres Butterfly, Men",Bronze
Wang Shun,CHN,2020,Summer,Tokyo,Swimming,"200 metres Individual Medley, Men",Gold
Duncan Scott,GBR,2020,Summer,Tokyo,Swimming,"200 metres Individual Medley, Men",Silver
Jérémy Desplanches,SUI,2020,Summer,Tokyo,Swimming,"200 metres Individual Medley, Men",Bronze
Chase Kalisz,USA,2020,Summer,Tokyo,Swimming,"400 metres Individual Medley, Men",Gold
Jay Litherland,USA,2020,Summer,Tokyo,Swimming,"400 metres Individual Medley, Men",Silver
Brendon Smith,AUS,2020,Summer,Tokyo,Swimming,"400 metres Individual Medley, Men",Bronze
,USA,2020,Summer,Tokyo,Swimming,"4 × 100 metres Medley Relay, Men",Gold
,GBR,2020,Summer,Tokyo,Swimming,"4 × 100 metres Medley Relay, Men",Silver
,ITA,2020,Summer,Tokyo,Swimming,"4 × 100 metres Medley Relay, Men",Bronze
Emma McKeon,AUS,2020,Summer,Tokyo,Swimming,"50 metres Freestyle, Women",Gold
Sarah Sjöström,SWE,2020,Summer,Tokyo,Swimming,"50 metres Freestyle, Women",Silver
Pernille Blume,DEN,2020,Summer,Tokyo,Swimming,"50 metres Freestyle, Women",Bronze
Emma McKeon,AUS,2020,Summer,Tokyo,Swimming,"100 metres Freestyle, Women",Gold
Siobhán Haughey,HKG,2020,Summer,Tokyo,Swimming,"100 metres Freestyle, Women",Silver
Cate Campbell,AUS,2020,Summer,Tokyo,Swimming,"100 metres Freestyle, Women",Bronze
Ariarne Titmus,AUS,2020,Summer,Tokyo,Swimming,"200 metres Freestyle, Women",Gold
Siobhán Haughey,HKG,2020,Summer,Tokyo,Swimming,"200 metres Freestyle, Women",Silver
Penny Oleksiak,CAN,2020,Summer,Tokyo,Swimming,"200 metres Freestyle, Women",Bronze
Ariarne Titmus,AUS,2020,Summer,Tokyo,Swimming,"400 metres Freestyle, Women",Gold
Katie Ledecky,USA,2020,Summer,Tokyo,Swimming,"400 metres Freestyle, Women",Silver
Li Bingjie,CHN,2020,Summer,Tokyo,Swimming,"400 metres Freestyle, Women",Bronze
Katie Ledecky,USA,2020,Summer,Tokyo,Swimming,"800 metres Freestyle, Women",Gold
Ariarne Titmus,AUS,2020,Summer,Tokyo,Swimming,"800 metres Freestyle, Women",Silver
Simona Quadarella,ITA,2020,Summer,Tokyo,Swimming,"800 metres Freestyle, Women",Bronze
Katie Ledecky,USA,2020,Summer,Tokyo,Swimming,"1,500 metres Freestyle, Women",Gold
Erica Sullivan,USA,2020,Summer,Tokyo,Swimming,"1,500 metres Freestyle, Women",Silver
Sarah Köhler,GER,2020,Summer,Tokyo,Swimming,"1,500 metres Freestyle, Women",Bronze
,AUS,2020,Summer,Tokyo,Swimming,"4 × 100 metres Freestyle Relay, Women",Gold
,CAN,2020,Summer,Tokyo,Swimming,"4 × 100 metres Freestyle Relay, Women",Silver
,USA,2020,Summer,Tokyo,Swimming,"4 × 100 metres Freestyle Relay, Women",Bronze
,CHN,2020,Summer,Tokyo,Swimming,"4 × 200 metres Freestyle Relay, Women",Gold
,USA,2020,Summer,Tokyo,Swimming,"4 × 200 metres Freestyle Relay, Women",Silver
,AUS,2020,Summer,Tokyo,Swimming,"4 × 200 metres Freestyle Relay, Women",Bronze
Kaylee McKeown,AUS,2020,Summer,Tokyo,Swimming,"100 metres Backstroke, Women",Gold
Kylie Masse,CAN,2020,Summer,Tokyo,Swimming,"100 metres Backstroke, Women",Silver
Regan Smith,USA,2020,Summer,Tokyo,Swimming,"100 metres Backstroke, Women",Bronze
Kaylee McKeown,AUS,2020,Summer,Tokyo,Swimming,"200 metres Backstroke, Women",Gold
Kylie Masse,CAN,2020,Summer,Tokyo,Swimming,"200 metres Backstroke, Women",Silver
Emily Seebohm,AUS,2020,Summer,Tokyo,Swimming,"200 metres Backstroke, Women",Bronze
Lydia Jacoby,USA,2020,Summer,Tokyo,Swimming,"100 metres Breaststroke, Women",Gold
Tatjana Schoenmaker,RSA,2020,Summer,Tokyo,Swimming,"100 metres Breaststroke, Women",Silver
Lilly King,USA,2020,Summer,Tokyo,Swimming,"100 metres Breaststroke, Women",Bronze
Tatjana Schoenmaker,RSA,2020,Summer,Tokyo,Swimming,"200 metres Breaststroke, Women",Gold
Lilly King,USA,2020,Summer,Tokyo,Swimming,"200 metres Breaststroke, Women",Silver
Annie Lazor,USA,2020,Summer,Tokyo,Swimming,"200 metres Breaststroke, Women",Bronze
Maggie Mac Neil,CAN,2020,Summer,Tokyo,Swimming,"100 metres Butterfly, Women",Gold
Zhang Yufei,CHN,2020,Summer,Tokyo,Swimming,"100 metres Butterfly, Women",Silver
Emma McKeon,AUS,2020,Summer,Tokyo,Swimming,"100 metres Butterfly, Women",Bronze
Zhang Yufei,CHN,2020,Summer,Tokyo,Swimming,"200 metres Butterfly, Women",Gold
Regan Smith,USA,2020,Summer,Tokyo,Swimming,"200 metres Butterfly, Women",Silver
Hali Flickinger,USA,2020,Summer,Tokyo,Swimming,"200 metres Butterfly, Women",Bronze
Yui Ohashi,JPN,2020,Summer,Tokyo,Swimming,"200 metres Individual Medley, Women",Gold
Alex Walsh,USA,2020,Summer,Tokyo,Swimming,"200 metres Individual Medley, Women",Silver
Kate Douglass,USA,2020,Summer,Tokyo,Swimming,"200 metres Individual Medley, Women",Bronze
Yui Ohashi,JPN,2020,Summer,Tokyo,Swimming,"400 metres Individual Medley, Women",Gold
Emma Weyant,USA,2020,Summer,Tokyo,Swimming,"400 metres Individual Medley, Women",Silver
Hali Flickinger,USA,2020,Summer,Tokyo,Swimming,"400 metres Individual Medley, Women",Bronze
,AUS,2020,Summer,Tokyo,Swimming,"4 × 100 metres Medley Relay, Women",Gold
,USA,2020,Summer,Tokyo,Swimming,"4 × 100 metres Medley Relay, Women",Silver
,CAN,2020,Summer,Tokyo,Swimming,"4 × 100 metres Medley Relay, Women",Bronze
,GBR,2020,Summer,Tokyo,Swimming,"4 × 100 metres Medley Relay, Mixed",Gold
,CHN,2020,Summer,Tokyo,Swimming,"4 × 100 metres Medley Relay, Mixed",Silver
,AUS,2020,Summer,Tokyo,Swimming,"4 × 100 metres Medley Relay, Mixed",Bronze
Ma Long,CHN,2020,Summer,Tokyo,Table Tennis,"Singles, Men",Gold
Fan Zhendong,CHN,2020,Summer,Tokyo,Table Tennis,"Singles, Men",Silver
Dimitrij Ovtcharov,GER,2020,Summer,Tokyo,Table Tennis,"Singles, Men",Bronze
,CHN,2020,Summer,Tokyo,Table Tennis,"Team, Men",Gold
,GER,2020,Summer,Tokyo,Table Tennis,"Team, Men",Silver
,JPN,2020,Summer,Tokyo,Table Tennis,"Team, Men",Bronze
Chen Meng,CHN,2020,Summer,Tokyo,Table Tennis,"Singles, Women",Gold
Sun Yingsha,CHN,2020,Summer,Tokyo,Table Tennis,"Singles, Women",Silver
Mima Ito,JPN,2020,Summer,Tokyo,Table Tennis,"Singles, Women",Bronze
,CHN,2020,Summer,Tokyo,Table Tennis,"Team, Women",Gold
,JPN,2020,Summer,Tokyo,Table Tennis,"Team, Women",Silver
,HKG,2020,Summer,Tokyo,Table Tennis,"Team, Women",Bronze
,JPN,2020,Summer,Tokyo,Table Tennis,"Doubles, Mixed",Gold
,CHN,2020,Summer,Tokyo,Table Tennis,"Doubles, Mixed",Silver
,TPE,2020,Summer,Tokyo,Table Tennis,"Doubles, Mixed",Bronze
Vito Dell'Aquila,ITA,2020,Summer,Tokyo,Taekwondo,"Flyweight, Men",Gold
Mohamed Khalil Jendoubi,TUN,2020,Summer,Tokyo,Taekwondo,"Flyweight, Men",Silver
Ulugbek Rashitov,UZB,2020,Summer,Tokyo,Taekwondo,"Featherweight, Men",Gold
Bradly Sinden,GBR,2020,Summer,Tokyo,Taekwondo,"Featherweight, Men",Silver
Maksim Khramtsov,ROC,2020,Summer,Tokyo,Taekwondo,"Welterweight, Men",Gold
Saleh El-Sharabaty,JOR,2020,Summer,Tokyo,Taekwondo,"Welterweight, Men",Silver
Vladislav Larin,ROC,2020,Summer,Tokyo,Taekwondo,"Heavyweight, Men",Gold
Dejan Georgievski,MKD,2020,Summer,Tokyo,Taekwondo,"Heavyweight, Men",Silver
Panipak Wongpattanakit,THA,2020,Summer,Tokyo,Taekwondo,"Flyweight, Women",Gold
Adriana Cerezo,ESP,2020,Summer,Tokyo,Taekwondo,"Flyweight, Women",Silver
Anastasija Zolotic,USA,2020,Summer,Tokyo,Taekwondo,"Featherweight, Women",Gold
Tatyana Minina,ROC,2020,Summer,Tokyo,Taekwondo,"Featherweight, Women",Silver
Matea Jelić,CRO,2020,Summer,Tokyo,Taekwondo,"Welterweight, Women",Gold
Lauren Williams,GBR,2020,Summer,Tokyo,Taekwondo,"Welterweight, Women",Silver
Milica Mandić,SRB,2020,Summer,Tokyo,Taekwondo,"Heavyweight, Women",Gold
Lee Da-Bin,KOR,2020,Summer,Tokyo,Taekwondo,"Heavyweight, Women",Silver
Alexander Zverev,GER,2020,Summer,Tokyo,Tennis,"Singles, Men",Gold
Karen Khachanov,ROC,2020,Summer,Tokyo,Tennis,"Singles, Men",Silver
Pablo Carreño Busta,ESP,2020,Summer,Tokyo,Tennis,"Singles, Men",Bronze
,CRO,2020,Summer,Tokyo,Tennis,"Doubles, Men",Gold
,CRO,2020,Summer,Tokyo,Tennis,"Doubles, Men",Silver
,NZL,2020,Summer,Tokyo,Tennis,"Doubles, Men",Bronze
Belinda Bencic,SUI,2020,Summer,Tokyo,Tennis,"Singles, Women",Gold
Markéta Vondroušová,CZE,2020,Summer,Tokyo,Tennis,"Singles, Women",Silver
Elina Svitolina,UKR,2020,Summer,Tokyo,Tennis,"Singles, Women",Bronze
,CZE,2020,Summer,Tokyo,Tennis,"Doubles, Women",Gold
,SUI,2020,Summer,Tokyo,Tennis,"Doubles, Women",Silver
,BRA,2020,Summer,Tokyo,Tennis,"Doubles, Women",Bronze
,ROC,2020,Summer,Tokyo,Tennis,"Doubles, Mixed",Gold
,ROC,2020,Summer,Tokyo,Tennis,"Doubles, Mixed",Silver
,AUS,2020,Summer,Tokyo,Tennis,"Doubles, Mixed",Bronze
Ivan Litvinovich,BLR,2020,Summer,Tokyo,Trampolining,"Individual, Men",Gold
Dong Dong,CHN,2020,Summer,Tokyo,Trampolining,"Individual, Men",Silver
Dylan Schmidt,NZL,2020,Summer,Tokyo,Trampolining,"Individual, Men",Bronze
Zhu Xueying,CHN,2020,Summer,Tokyo,Trampolining,"Individual, Women",Gold
Liu Lingling,CHN,2020,Summer,Tokyo,Trampolining,"Individual, Women",Silver
Bryony Page,GBR,2020,Summer,Tokyo,Trampolining,"Individual, Women",Bronze
Kristian Blummenfelt,NOR,2020,Summer,Tokyo,Triathlon,"Olympic Distance, Men",Gold
Alex Yee,GBR,2020,Summer,Tokyo,Triathlon,"Olympic Distance, Men",Silver
Hayden Wilde,NZL,2020,Summer,Tokyo,Triathlon,"Olympic Distance, Men",Bronze
Flora Duffy,BER,2020,Summer,Tokyo,Triathlon,"Olympic Distance, Women",Gold
Georgia Taylor-Brown,GBR,2020,Summer,Tokyo,Triathlon,"Olympic Distance, Women",Silver
Katie Zaferes,USA,2020,Summer,Tokyo,Triathlon,"Olympic Distance, Women",Bronze
,GBR,2020,Summer,Tokyo,Triathlon,"Relay, Mixed",Gold
,USA,2020,Summer,Tokyo,Triathlon,"Relay, Mixed",Silver
,FRA,2020,Summer,Tokyo,Triathlon,"Relay, Mixed",Bronze
,FRA,2020,Summer,Tokyo,Volleyball,"Volleyball, Men",Gold
,ROC,2020,Summer,Tokyo,Volleyball,"Volleyball, Men",Silver
,ARG,2020,Summer,Tokyo,Volleyball,"Volleyball, Men",Bronze
,USA,2020,Summer,Tokyo,Volleyball,"Volleyball, Women",Gold
,BRA,2020,Summer,Tokyo,Volleyball,"Volleyball, Women",Silver
,SRB,2020,Summer,Tokyo,Volleyball,"Volleyball, Women",Bronze
,SRB,2020,Summer,Tokyo,Water Polo,"Water Polo, Men",Gold
,GRE,2020,Summer,Tokyo,Water Polo,"Water Polo, Men",Silver
,HUN,2020,Summer,Tokyo,Water Polo,"Water Polo, Men",Bronze
,USA,2020,Summer,Tokyo,Water Polo,"Water Polo, Women",Gold
,ESP,2020,Summer,Tokyo,Water Polo,"Water Polo, Women",Silver
,HUN,2020,Summer,Tokyo,Water Polo,"Water Polo, Women",Bronze
Li Fabin,CHN,2020,Summer,Tokyo,Weightlifting,"Featherweight, Men",Gold
Eko Yuli Irawan,INA,2020,Summer,Tokyo,Weightlifting,"Featherweight, Men",Silver
Igor Son,KAZ,2020,Summer,Tokyo,Weightlifting,"Featherweight, Men",Bronze
Chen Lijun,CHN,2020,Summer,Tokyo,Weightlifting,"Lightweight, Men",Gold
Luis Mosquera,COL,2020,Summer,Tokyo,Weightlifting,"Lightweight, Men",Silver
Mirko Zanni,ITA,2020,Summer,Tokyo,Weightlifting,"Lightweight, Men",Bronze
Shi Zhiyong,CHN,2020,Summer,Tokyo,Weightlifting,"Middleweight, Men",Gold
Julio Mayora,VEN,2020,Summer,Tokyo,Weightlifting,"Middleweight, Men",Silver
Rahmat Abdullah,INA,2020,Summer,Tokyo,Weightlifting,"Middleweight, Men",Bronze
Lu Xiaojun,CHN,2020,Summer,Tokyo,Weightlifting,"Light-Heavyweight, Men",Gold
Zacarías Bonnat,DOM,2020,Summer,Tokyo,Weightlifting,"Light-Heavyweight, Men",Silver
Antonino Pizzolato,ITA,2020,Summer,Tokyo,Weightlifting,"Light-Heavyweight, Men",Bronze
Fares Ibrahim,QAT,2020,Summer,Tokyo,Weightlifting,"Middle-Heavyweight, Men",Gold
Keydomar Vallenilla,VEN,2020,Summer,Tokyo,Weightlifting,"Middle-Heavyweight, Men",Silver
Anton Pliesnoi,GEO,2020,Summer,Tokyo,Weightlifting,"Middle-Heavyweight, Men",Bronze
Akbar Djuraev,UZB,2020,Summer,Tokyo,Weightlifting,"Heavyweight, Men",Gold
Simon Martirosyan,ARM,2020,Summer,Tokyo,Weightlifting,"Heavyweight, Men",Silver
Artūrs Plēsnieks,LAT,2020,Summer,Tokyo,Weightlifting,"Heavyweight, Men",Bronze
Lasha Talakhadze,GEO,2020,Summer,Tokyo,Weightlifting,"Super-Heavyweight, Men",Gold
Ali Davoudi,IRI,2020,Summer,Tokyo,Weightlifting,"Super-Heavyweight, Men",Silver
Man Asaad,SYR,2020,Summer,Tokyo,Weightlifting,"Super-Heavyweight, Men",Bronze
Hou Zhihui,CHN,2020,Summer,Tokyo,Weightlifting,"Flyweight, Women",Gold
Mirabai Chanu,IND,2020,Summer,Tokyo,Weightlifting,"Flyweight, Women",Silver
Windy Cantika Aisah,INA,2020,Summer,Tokyo,Weightlifting,"Flyweight, Women",Bronze
Hidilyn Diaz,PHI,2020,Summer,Tokyo,Weightlifting,"Featherweight, Women",Gold
Liao Qiuyun,CHN,2020,Summer,Tokyo,Weightlifting,"Featherweight, Women",Silver
Zulfiya Chinshanlo,KAZ,2020,Summer,Tokyo,Weightlifting,"Featherweight, Women",Bronze
Kuo Hsing-Chun,TPE,2020,Summer,Tokyo,Weightlifting,"Lightweight, Women",Gold
Polina Guryeva,TKM,2020,Summer,Tokyo,Weightlifting,"Lightweight, Women",Silver
Mikiko Ando,JPN,2020,Summer,Tokyo,Weightlifting,"Lightweight, Women",Bronze
Maude Charron,CAN,2020,Summer,Tokyo,Weightlifting,"Middleweight, Women",Gold
Giorgia Bordignon,ITA,2020,Summer,Tokyo,Weightlifting,"Middleweight, Women",Silver
Chen Wen-Huei,TPE,2020,Summer,Tokyo,Weightlifting,"Middleweight, Women",Bronze
Neisi Dajomes,ECU,2020,Summer,Tokyo,Weightlifting,"Light-Heavyweight, Women",Gold
Kate Nye,USA,2020,Summer,Tokyo,Weightlifting,"Light-Heavyweight, Women",Silver
Aremi Fuentes,MEX,2020,Summer,Tokyo,Weightlifting,"Light-Heavyweight, Women",Bronze
Wang Zhouyu,CHN,2020,Summer,Tokyo,Weightlifting,"Heavyweight, Women",Gold
Tamara Salazar,ECU,2020,Summer,Tokyo,Weightlifting,"Heavyweight, Women",Silver
Crismery Santana,DOM,2020,Summer,Tokyo,Weightlifting,"Heavyweight, Women",Bronze
Li Wenwen,CHN,2020,Summer,Tokyo,Weightlifting,"Super-Heavyweight, Women",Gold
Emily Campbell,GBR,2020,Summer,Tokyo,Weightlifting,"Super-Heavyweight, Women",Silver
Sarah Robles,USA,2020,Summer,Tokyo,Weightlifting,"Super-Heavyweight, Women",Bronze
Luis Alberto Orta,CUB,2020,Summer,Tokyo,Wrestling,"Featherweight, Greco-Roman, Men",Gold
Kenichiro Fumita,JPN,2020,Summer,Tokyo,Wrestling,"Featherweight, Greco-Roman, Men",Silver
Mohammadreza Geraei,IRI,2020,Summer,Tokyo,Wrestling,"Welterweight, Greco-Roman, Men",Gold
Parviz Nasibov,UKR,2020,Summer,Tokyo,Wrestling,"Welterweight, Greco-Roman, Men",Silver
Tamás Lőrincz,HUN,2020,Summer,Tokyo,Wrestling,"Middleweight, Greco-Roman, Men",Gold
Akzhol Makhmudov,KGZ,2020,Summer,Tokyo,Wrestling,"Middleweight, Greco-Roman, Men",Silver
Zhan Beleniuk,UKR,2020,Summer,Tokyo,Wrestling,"Light-Heavyweight, Greco-Roman, Men",Gold
Viktor Lőrincz,HUN,2020,Summer,Tokyo,Wrestling,"Light-Heavyweight, Greco-Roman, Men",Silver
Musa Yevloyev,ROC,2020,Summer,Tokyo,Wrestling,"Heavyweight, Greco-Roman, Men",Gold
Artur Aleksanyan,ARM,2020,Summer,Tokyo,Wrestling,"Heavyweight, Greco-Roman, Men",Silver
Mijaín López,CUB,2020,Summer,Tokyo,Wrestling,"Super-Heavyweight, Greco-Roman, Men",Gold
Iakobi Kajaia,GEO,2020,Summer,Tokyo,Wrestling,"Super-Heavyweight, Greco-Roman, Men",Silver
Zavur Uguyev,ROC,2020,Summer,Tokyo,Wrestling,"Featherweight, Freestyle, Men",Gold
Ravi Kumar,IND,2020,Summer,Tokyo,Wrestling,"Featherweight, Freestyle, Men",Silver
Takuto Otoguro,JPN,2020,Summer,Tokyo,Wrestling,"Welterweight, Freestyle, Men",Gold
Hacı Əliyev,AZE,2020,Summer,Tokyo,Wrestling,"Welterweight, Freestyle, Men",Silver
Zaurbek Sidakov,ROC,2020,Summer,Tokyo,Wrestling,"Middleweight, Freestyle, Men",Gold
Mahamedkhabib Kadzimahamedau,BLR,2020,Summer,Tokyo,Wrestling,"Middleweight, Freestyle, Men",Silver
David Taylor,USA,2020,Summer,Tokyo,Wrestling,"Light-Heavyweight, Freestyle, Men",Gold
Hassan Yazdani,IRI,2020,Summer,Tokyo,Wrestling,"Light-Heavyweight, Freestyle, Men",Silver
Abdulrashid Sadulayev,ROC,2020,Summer,Tokyo,Wrestling,"Heavyweight, Freestyle, Men",Gold
Kyle Snyder,USA,2020,Summer,Tokyo,Wrestling,"Heavyweight, Freestyle, Men",Silver
Gable Steveson,USA,2020,Summer,Tokyo,Wrestling,"Super-Heavyweight, Freestyle, Men",Gold
Geno Petriashvili,GEO,2020,Summer,Tokyo,Wrestling,"Super-Heavyweight, Freestyle, Men",Silver
Yui Susaki,JPN,2020,Summer,Tokyo,Wrestling,"Flyweight, Freestyle, Women",Gold
Sun Yanan,CHN,2020,Summer,Tokyo,Wrestling,"Flyweight, Freestyle, Women",Silver
Mayu Mukaida,JPN,2020,Summer,Tokyo,Wrestling,"Featherweight, Freestyle, Women",Gold
Pang Qianyu,CHN,2020,Summer,Tokyo,Wrestling,"Featherweight, Freestyle, Women",Silver
Risako Kawai,JPN,2020,Summer,Tokyo,Wrestling,"Lightweight, Freestyle, Women",Gold
Iryna Kurachkina,BLR,2020,Summer,Tokyo,Wrestling,"Lightweight, Freestyle, Women",Silver
Yukako Kawai,JPN,2020,Summer,Tokyo,Wrestling,"Middleweight, Freestyle, Women",Gold
Aysuluu Tynybekova,KGZ,2020,Summer,Tokyo,Wrestling,"Middleweight, Freestyle, Women",Silver
Tamyra Mensah-Stock,USA,2020,Summer,Tokyo,Wrestling,"Light-Heavyweight, Freestyle, Women",Gold
Blessing Oborududu,NGR,2020,Summer,Tokyo,Wrestling,"Light-Heavyweight, Freestyle, Women",Silver
Aline Rotter-Focken,GER,2020,Summer,Tokyo,Wrestling,"Heavyweight, Freestyle, Women",Gold
Adeline Gray,USA,2020,Summer,Tokyo,Wrestling,"Heavyweight, Freestyle, Women",Silver
Mai Murakami,JPN,2020,Summer,Tokyo,Artistic Gymnastics,"Floor Exercise, Women",Bronze (Tie)
Angelina Melnikova,ROC,2020,Summer,Tokyo,Artistic Gymnastics,"Floor Exercise, Women",Bronze (Tie)
Gianmarco Tamberi,ITA,2020,Summer,Tokyo,Athletics,"High Jump, Men",Gold (Tie)
Mutaz Essa Barshim,QAT,2020,Summer,Tokyo,Athletics,"High Jump, Men",Gold (Tie)
Ryomei Tanaka,JPN,2020,Summer,Tokyo,Boxing,"Flyweight, Men",Bronze (Tie)
Saken Bibosinov,KAZ,2020,Summer,Tokyo,Boxing,"Flyweight, Men",Bronze (Tie)
Lázaro Álvarez,CUB,2020,Summer,Tokyo,Boxing,"Featherweight, Men",Bronze (Tie)
Samuel Takyi,GHA,2020,Summer,Tokyo,Boxing,"Featherweight, Men",Bronze (Tie)
Hovhannes Bachkov,ARM,2020,Summer,Tokyo,Boxing,"Lightweight, Men",Bronze (Tie)
Harry Garside,AUS,2020,Summer,Tokyo,Boxing,"Lightweight, Men",Bronze (Tie)
Aidan Walsh,IRL,2020,Summer,Tokyo,Boxing,"Welterweight, Men",Bronze (Tie)
Andrey Zamkovoy,ROC,2020,Summer,Tokyo,Boxing,"Welterweight, Men",Bronze (Tie)
Eumir Marcial,PHI,2020,Summer,Tokyo,Boxing,"Middleweight, Men",Bronze (Tie)
Gleb Bakshi,ROC,2020,Summer,Tokyo,Boxing,"Middleweight, Men",Bronze (Tie)
Loren Alfonso,AZE,2020,Summer,Tokyo,Boxing,"Light-Heavyweight, Men",Bronze (Tie)
Imam Khatayev,ROC,2020,Summer,Tokyo,Boxing,"Light-Heavyweight, Men",Bronze (Tie)
Abner Teixeira,BRA,2020,Summer,Tokyo,Boxing,"Heavyweight, Men",Bronze (Tie)
David Nyika,NZL,2020,Summer,Tokyo,Boxing,"Heavyweight, Men",Bronze (Tie)
Frazer Clarke,GBR,2020,Summer,Tokyo,Boxing,"Super-Heavyweight, Men",Bronze (Tie)
Kamshybek Kunkabayev,KAZ,2020,Summer,Tokyo,Boxing,"Super-Heavyweight, Men",Bronze (Tie)
Tsukimi Namiki,JPN,2020,Summer,Tokyo,Boxing,"Flyweight, Women",Bronze (Tie)
Huang Hsiao-Wen,TPE,2020,Summer,Tokyo,Boxing,"Flyweight, Women",Bronze (Tie)
Karriss Artingstall,GBR,2020,Summer,Tokyo,Boxing,"Featherweight, Women",Bronze (Tie)
Irma Testa,ITA,2020,Summer,Tokyo,Boxing,"Featherweight, Women",Bronze (Tie)
Mira Potkonen,FIN,2020,Summer,Tokyo,Boxing,"Lightweight, Women",Bronze (Tie)
Sudaporn Seesondee,THA,2020,Summer,Tokyo,Boxing,"Lightweight, Women",Bronze (Tie)
Lovlina Borgohain,IND,2020,Summer,Tokyo,Boxing,"Welterweight, Women",Bronze (Tie)
Oshae Jones,USA,2020,Summer,Tokyo,Boxing,"Welterweight, Women",Bronze (Tie)
Nouchka Fontijn,NED,2020,Summer,Tokyo,Boxing,"Middleweight, Women",Bronze (Tie)
Zemfira Magomedaliyeva,ROC,2020,Summer,Tokyo,Boxing,"Middleweight, Women",Bronze (Tie)
Luka Mkheidze,FRA,2020,Summer,Tokyo,Judo,"Extra-Lightweight, Men",Bronze (Tie)
Yeldos Smetov,KAZ,2020,Summer,Tokyo,Judo,"Extra-Lightweight, Men",Bronze (Tie)
Daniel Cargnin,BRA,2020,Summer,Tokyo,Judo,"Half-Lightweight, Men",Bronze (Tie)
An Ba-Ul,KOR,2020,Summer,Tokyo,Judo,"Half-Lightweight, Men",Bronze (Tie)
An Chang-Rim,KOR,2020,Summer,Tokyo,Judo,"Lightweight, Men",Bronze (Tie)
Tsend-Ochiryn Tsogtbaatar,MGL,2020,Summer,Tokyo,Judo,"Lightweight, Men",Bronze (Tie)
Shamil Borchashvili,AUT,2020,Summer,Tokyo,Judo,"Half-Middleweight, Men",Bronze (Tie)
Matthias Casse,BEL,2020,Summer,Tokyo,Judo,"Half-Middleweight, Men",Bronze (Tie)
Krisztián Tóth,HUN,2020,Summer,Tokyo,Judo,"Middleweight, Men",Bronze (Tie)
Davlat Bobonov,UZB,2020,Summer,Tokyo,Judo,"Middleweight, Men",Bronze (Tie)
Jorge Fonseca,POR,2020,Summer,Tokyo,Judo,"Half-Heavyweight, Men",Bronze (Tie)
Niyaz Ilyasov,ROC,2020,Summer,Tokyo,Judo,"Half-Heavyweight, Men",Bronze (Tie)
Teddy Riner,FRA,2020,Summer,Tokyo,Judo,"Heavyweight, Men",Bronze (Tie)
Tamerlan Bashayev,ROC,2020,Summer,Tokyo,Judo,"Heavyweight, Men",Bronze (Tie)
Mönkhbatyn Urantsetseg,MGL,2020,Summer,Tokyo,Judo,"Extra-Lightweight, Women",Bronze (Tie)
Dar'ia Bilodid,UKR,2020,Summer,Tokyo,Judo,"Extra-Lightweight, Women",Bronze (Tie)
Chelsie Giles,GBR,2020,Summer,Tokyo,Judo,"Half-Lightweight, Women",Bronze (Tie)
Odette Giuffrida,ITA,2020,Summer,Tokyo,Judo,"Half-Lightweight, Women",Bronze (Tie)
Jessica Klimkait,CAN,2020,Summer,Tokyo,Judo,"Lightweight, Women",Bronze (Tie)
Tsukasa Yoshida,JPN,2020,Summer,Tokyo,Judo,"Lightweight, Women",Bronze (Tie)
Catherine Beauchemin-Pinard,CAN,2020,Summer,Tokyo,Judo,"Half-Middleweight, Women",Bronze (Tie)
Maria Centracchio,ITA,2020,Summer,Tokyo,Judo,"Half-Middleweight, Women",Bronze (Tie)
Sanne van Dijke,NED,2020,Summer,Tokyo,Judo,"Middleweight, Women",Bronze (Tie)
Madina Taymazova,ROC,2020,Summer,Tokyo,Judo,"Middleweight, Women",Bronze (Tie)
Mayra Aguiar,BRA,2020,Summer,Tokyo,Judo,"Half-Heavyweight, Women",Bronze (Tie)
Anna-Maria Wagner,GER,2020,Summer,Tokyo,Judo,"Half-Heavyweight, Women",Bronze (Tie)
Iryna Kindzerska,AZE,2020,Summer,Tokyo,Judo,"Heavyweight, Women",Bronze (Tie)
Romane Dicko,FRA,2020,Summer,Tokyo,Judo,"Heavyweight, Women",Bronze (Tie)
Ali Sofuoğlu,TUR,2020,Summer,Tokyo,Karate,"Kata, Men",Bronze (Tie)
Ariel Torres,USA,2020,Summer,Tokyo,Karate,"Kata, Men",Bronze (Tie)
Abdel Rahman Al-Masatfa,JOR,2020,Summer,Tokyo,Karate,"Kumite, ≤67 kg, Men",Bronze (Tie)
Darkhan Asadilov,KAZ,2020,Summer,Tokyo,Karate,"Kumite, ≤67 kg, Men",Bronze (Tie)
Gábor Hárspataki,HUN,2020,Summer,Tokyo,Karate,"Kumite, ≤75 kg, Men",Bronze (Tie)
Stanislav Horuna,UKR,2020,Summer,Tokyo,Karate,"Kumite, ≤75 kg, Men",Bronze (Tie)
Ryutaro Araga,JPN,2020,Summer,Tokyo,Karate,"Kumite, >75 kg, Men",Bronze (Tie)
Uğur Aktaş,TUR,2020,Summer,Tokyo,Karate,"Kumite, >75 kg, Men",Bronze (Tie)
Grace Lau,HKG,2020,Summer,Tokyo,Karate,"Kata, Women",Bronze (Tie)
Viviana Bottaro,ITA,2020,Summer,Tokyo,Karate,"Kata, Women",Bronze (Tie)
Bettina Plank,AUT,2020,Summer,Tokyo,Karate,"Kumite, ≤55 kg, Women",Bronze (Tie)
Wen Tzu-Yun,TPE,2020,Summer,Tokyo,Karate,"Kumite, ≤55 kg, Women",Bronze (Tie)
Giana Lotfy,EGY,2020,Summer,Tokyo,Karate,"Kumite, ≤61 kg, Women",Bronze (Tie)
Merve Çoban,TUR,2020,Summer,Tokyo,Karate,"Kumite, ≤61 kg, Women",Bronze (Tie)
Gong Li,CHN,2020,Summer,Tokyo,Karate,"Kumite, >61 kg, Women",Bronze (Tie)
Sofya Berultseva,KAZ,2020,Summer,Tokyo,Karate,"Kumite, >61 kg, Women",Bronze (Tie)
Jang Jun,KOR,2020,Summer,Tokyo,Taekwondo,"Flyweight, Men",Bronze (Tie)
Mikhail Artamonov,ROC,2020,Summer,Tokyo,Taekwondo,"Flyweight, Men",Bronze (Tie)
Zhao Shuai,CHN,2020,Summer,Tokyo,Taekwondo,"Featherweight, Men",Bronze (Tie)
Hakan Reçber,TUR,2020,Summer,Tokyo,Taekwondo,"Featherweight, Men",Bronze (Tie)
Toni Kanaet,CRO,2020,Summer,Tokyo,Taekwondo,"Welterweight, Men",Bronze (Tie)
Seif Eissa,EGY,2020,Summer,Tokyo,Taekwondo,"Welterweight, Men",Bronze (Tie)
Rafael Alba,CUB,2020,Summer,Tokyo,Taekwondo,"Heavyweight, Men",Bronze (Tie)
In Gyo-Don,KOR,2020,Summer,Tokyo,Taekwondo,"Heavyweight, Men",Bronze (Tie)
Abishag Semberg,ISR,2020,Summer,Tokyo,Taekwondo,"Flyweight, Women",Bronze (Tie)
Tijana Bogdanović,SRB,2020,Summer,Tokyo,Taekwondo,"Flyweight, Women",Bronze (Tie)
Lo Chia-Ling,TPE,2020,Summer,Tokyo,Taekwondo,"Featherweight, Women",Bronze (Tie)
Hatice Kübra İlgün,TUR,2020,Summer,Tokyo,Taekwondo,"Featherweight, Women",Bronze (Tie)
Ruth Gbagbi,CIV,2020,Summer,Tokyo,Taekwondo,"Welterweight, Women",Bronze (Tie)
Hedaya Malak,EGY,2020,Summer,Tokyo,Taekwondo,"Welterweight, Women",Bronze (Tie)
Althéa Laurin,FRA,2020,Summer,Tokyo,Taekwondo,"Heavyweight, Women",Bronze (Tie)
Bianca Walkden,GBR,2020,Summer,Tokyo,Taekwondo,"Heavyweight, Women",Bronze (Tie)
Walihan Sailike,CHN,2020,Summer,Tokyo,Wrestling,"Featherweight, Greco-Roman, Men",Bronze (Tie)
Sergey Yemelin,ROC,2020,Summer,Tokyo,Wrestling,"Featherweight, Greco-Roman, Men",Bronze (Tie)
Mohamed Ibrahim El-Sayed,EGY,2020,Summer,Tokyo,Wrestling,"Welterweight, Greco-Roman, Men",Bronze (Tie)
Frank Stäbler,GER,2020,Summer,Tokyo,Wrestling,"Welterweight, Greco-Roman, Men",Bronze (Tie)
Rafiq Hüseynov,AZE,2020,Summer,Tokyo,Wrestling,"Middleweight, Greco-Roman, Men",Bronze (Tie)
Shohei Yabiku,JPN,2020,Summer,Tokyo,Wrestling,"Middleweight, Greco-Roman, Men",Bronze (Tie)
Denis Kudla,GER,2020,Summer,Tokyo,Wrestling,"Light-Heavyweight, Greco-Roman, Men",Bronze (Tie)
Zurabi Datunashvili,SRB,2020,Summer,Tokyo,Wrestling,"Light-Heavyweight, Greco-Roman, Men",Bronze (Tie)
Mohammadhadi Saravi,IRI,2020,Summer,Tokyo,Wrestling,"Heavyweight, Greco-Roman, Men",Bronze (Tie)
Tadeusz Michalik,POL,2020,Summer,Tokyo,Wrestling,"Heavyweight, Greco-Roman, Men",Bronze (Tie)
Sergey Semyonov,ROC,2020,Summer,Tokyo,Wrestling,"Super-Heavyweight, Greco-Roman, Men",Bronze (Tie)
Rıza Kayaalp,TUR,2020,Summer,Tokyo,Wrestling,"Super-Heavyweight, Greco-Roman, Men",Bronze (Tie)
Nurislam Sanayev,KAZ,2020,Summer,Tokyo,Wrestling,"Featherweight, Freestyle, Men",Bronze (Tie)
Thomas Gilman,USA,2020,Summer,Tokyo,Wrestling,"Featherweight, Freestyle, Men",Bronze (Tie)
Bajrang Punia,IND,2020,Summer,Tokyo,Wrestling,"Welterweight, Freestyle, Men",Bronze (Tie)
Gadzhimurad Rashidov,ROC,2020,Summer,Tokyo,Wrestling,"Welterweight, Freestyle, Men",Bronze (Tie)
Kyle Dake,USA,2020,Summer,Tokyo,Wrestling,"Middleweight, Freestyle, Men",Bronze (Tie)
Bekzod Abdurakhmonov,UZB,2020,Summer,Tokyo,Wrestling,"Middleweight, Freestyle, Men",Bronze (Tie)
Artur Nayfonov,ROC,2020,Summer,Tokyo,Wrestling,"Light-Heavyweight, Freestyle, Men",Bronze (Tie)
Myles Amine,SMR,2020,Summer,Tokyo,Wrestling,"Light-Heavyweight, Freestyle, Men",Bronze (Tie)
Reineris Salas,CUB,2020,Summer,Tokyo,Wrestling,"Heavyweight, Freestyle, Men",Bronze (Tie)
Abraham Conyedo,ITA,2020,Summer,Tokyo,Wrestling,"Heavyweight, Freestyle, Men",Bronze (Tie)
Amir Hossein Zare,IRI,2020,Summer,Tokyo,Wrestling,"Super-Heavyweight, Freestyle, Men",Bronze (Tie)
Taha Akgül,TUR,2020,Summer,Tokyo,Wrestling,"Super-Heavyweight, Freestyle, Men",Bronze (Tie)
Mariya Stadnik,AZE,2020,Summer,Tokyo,Wrestling,"Flyweight, Freestyle, Women",Bronze (Tie)
Sarah Hildebrandt,USA,2020,Summer,Tokyo,Wrestling,"Flyweight, Freestyle, Women",Bronze (Tie)
Vanesa Kaladzinskaya,BLR,2020,Summer,Tokyo,Wrestling,"Featherweight, Freestyle, Women",Bronze (Tie)
Bat Ochiryn Bolortuyaa,MGL,2020,Summer,Tokyo,Wrestling,"Featherweight, Freestyle, Women",Bronze (Tie)
Evelina Nikolova,BUL,2020,Summer,Tokyo,Wrestling,"Lightweight, Freestyle, Women",Bronze (Tie)
Helen Maroulis,USA,2020,Summer,Tokyo,Wrestling,"Lightweight, Freestyle, Women",Bronze (Tie)
Taybe Yusein,BUL,2020,Summer,Tokyo,Wrestling,"Middleweight, Freestyle, Women",Bronze (Tie)
Iryna Koliadenko,UKR,2020,Summer,Tokyo,Wrestling,"Middleweight, Freestyle, Women",Bronze (Tie)
Meerim Zhumanazarova,KGZ,2020,Summer,Tokyo,Wrestling,"Light-Heavyweight, Freestyle, Women",Bronze (Tie)
Alla Cherkasova,UKR,2020,Summer,Tokyo,Wrestling,"Light-Heavyweight, Freestyle, Women",Bronze (Tie)
Zhou Qian,CHN,2020,Summer,Tokyo,Wrestling,"Heavyweight, Freestyle, Women",Bronze (Tie)
Yasemin Adar,TUR,2020,Summer,Tokyo,Wrestling,"Heavyweight, Freestyle, Women",Bronze (Tie)
