Sport,Event,Medal,Athlete,Country,Year,City,Season,NOC
Athletics,WOMEN’S MARATHON,Gold,Sifan Hassan,Netherlands,2024,Paris,Summer,NED
Basketball,WOMEN’S,Gold,United States,United States,2024,Paris,Summer,USA
Cycling Track,MEN’S KEIRIN,Gold,Harrie Lavreysen,Netherlands,2024,Paris,Summer,NED
Cycling Track,WOMEN’S SPRING,Gold,Ellesse Andrews,New Zealand,2024,Paris,Summer,NZL
Cycling Track,WOMEN’S OMNIUM,Gold,Jennifer Valente,United States,2024,Paris,Summer,USA
Handball,MEN’S,Gold,Denmark,Denmark,2024,Paris,Summer,DEN
Modern Pentathlon,WOMEN’S INDIVIDUAL,Gold,Michelle Gulyas,Hungary,2024,Paris,Summer,HUN
Volleyball,WOMEN’S,Gold,Italy,Italy,2024,Paris,Summer,ITA
Water Polo,MEN’S,Gold,Serbia,Serbia,2024,Paris,Summer,SCG
Weightlifting,WOMEN’S +81KG,Gold,Li Wenwen,China,2024,Paris,Summer,CHN
Wrestling,WOMEN’S FREESTYLE 76KG,Gold,Kagami Yuka,Japan,2024,Paris,Summer,JPN
Wrestling,MEN’S FREESTYLE 65KG,Gold,Kiyooka Kotaro,Japan,2024,Paris,Summer,JPN
Wrestling,MEN’S FREESTYLE 97KG,Gold,Akhmed Tazhudinov,Bahrain,2024,Paris,Summer,BRN
Artistic Swimming,DUET,Gold,Wang Liuyi and Wang Qianyi,China,2024,Paris,Summer,CHN
Basketball,MEN,Gold,United States,United States,2024,Paris,Summer,USA
Beach Volleyball,MEN,Gold,David Ahman and Jonatan Hellvig,Sweden,2024,Paris,Summer,SWE
Boxing,MEN’S 57KG,Gold,Abdumalik Khalokov,Uzbekistan,2024,Paris,Summer,UZB
Boxing,WOMEN’S 57KG,Gold,Lin Yu-ting,Taiwan,2024,Paris,Summer,TPE
Boxing,MEN’S +92KG,Gold,Bakhodir Jalolov,Uzbekistan,2024,Paris,Summer,UZB
Boxing,WOMEN’S 75KG,Gold,Li Qian,China,2024,Paris,Summer,CHN
Breaking,B-BOYS,Gold,Phil Wizard (Philip Kim),Canada,2024,Paris,Summer,CAN
Canoe Sprint,MEN’S 1000M SINGLE KAYAK,Gold,Josef Dostal,Czech Republic,2024,Paris,Summer,BOH
Canoe Sprint,WOMEN’S 500M SINGLE KAYAK,Gold,Lisa Carrington,New Zealand,2024,Paris,Summer,NZL
Canoe Sprint,WOMEN’S 200M SINGLE KAYAK,Gold,Katie Vincent,Canada,2024,Paris,Summer,CAN
Cycling Track,MEN’S MADISON,Gold,Iúri Leitão and Rui Oliveira,Portugal,2024,Paris,Summer,POR
Diving,MEN’S 10M PLATFORM,Gold,Cao Yuan,China,2024,Paris,Summer,CHN
Golf,WOMEN’S INDIVIDUAL,Gold,Lydia Ko,New Zealand,2024,Paris,Summer,NZL
Handball,WOMEN,Gold,Norway,Norway,2024,Paris,Summer,NOR
Modern Pentathlon,MEN’S,Gold,Ahmed Elgendy,Egypt,2024,Paris,Summer,EGY
Rhythmic Gymnastics,GROUP ALL-AROUND,Gold,China,China,2024,Paris,Summer,CHN
Soccer,WOMEN’S,Gold,United States,United States,2024,Paris,Summer,USA
Sport Climbing,WOMEN’S BOULDER & LEAD,Gold,Janja Garnbret,Slovenia,2024,Paris,Summer,SLO
Table Tennis,WOMEN’S TEAM,Gold,China,China,2024,Paris,Summer,CHN
Taekwondo,MEN’S +80KG,Gold,Arian Salimi,Iran,2024,Paris,Summer,IRI
Taekwondo,WOMEN’S +67KG,Gold,Althea Laurin,France,2024,Paris,Summer,FRA
Track And Field,MEN’S MARATHON,Gold,Tamirat Tola,Ethiopia,2024,Paris,Summer,ETH
Track And Field,MEN’S 800M,Gold,Emmanuel Wanyonyi,Kenya,2024,Paris,Summer,KEN
Track And Field,MEN’S 5000M,Gold,Jakob Ingebrigtsen,Norway,2024,Paris,Summer,NOR
Track And Field,MEN’S HIGH JUMP,Gold,Hamish Kerr,New Zealand,2024,Paris,Summer,NZL
Track And Field,MEN’S 4X400M RELAY,Gold,United States,United States,2024,Paris,Summer,USA
Track And Field,WOMEN’S 4X400M RELAY,Gold,United States,United States,2024,Paris,Summer,USA
Track And Field,WOMEN’S 1500M,Gold,Faith Kipyegon,Kenya,2024,Paris,Summer,KEN
Track And Field,WOMEN’S JAVELIN THROW,Gold,Haruka Kitaguchi,Japan,2024,Paris,Summer,JPN
Track And Field,WOMEN’S 100M HURDLES,Gold,Masai Russell,United States,2024,Paris,Summer,USA
Volleyball,MEN’S TEAM,Gold,France,France,2024,Paris,Summer,FRA
Water Polo,WOMEN’S,Gold,Spain,Spain,2024,Paris,Summer,ESP
Weightlifting,MEN’S 102KG,Gold,Liu Huanhua,China,2024,Paris,Summer,CHN
Weightlifting,MEN’S 102KG,Gold,Lasha Talakhadze,Georgia,2024,Paris,Summer,GEO
Weightlifting,WOMEN’S 81KG,Gold,Solfrid Koanda,Norway,2024,Paris,Summer,NOR
Wrestling,MEN’S FREESTYLE 74KG,Gold,Razambek Zhamalov,Uzbekistan,2024,Paris,Summer,UZB
Wrestling,WOMEN’S FREESTYLE 62KG,Gold,Sakura Motoki,Japan,2024,Paris,Summer,JPN
Wrestling,MEN’S FREESTYLE 125KG,Gold,Geno Petriashvili,Georgia,2024,Paris,Summer,GEO
Track And Field,MEN’S 400M HURDLES,Gold,Rai Benjamin,United States,2024,Paris,Summer,USA
Track And Field,MEN’S TRIPLE JUMP,Gold,Jordan Diaz,Spain,2024,Paris,Summer,ESP
Track And Field,MEN’S 4X100M RELAY,Gold,Canada,Canada,2024,Paris,Summer,CAN
Track And Field,WOMEN’S 4X100M RELAY,Gold,United States,United States,2024,Paris,Summer,USA
Track And Field,WOMEN’S SHUT PUT,Gold,Yemisi Ogunleye,Germany,2024,Paris,Summer,FRG
Track And Field,"WOMEN’S 10,000M",Gold,Beatrice Chebet,Kenya,2024,Paris,Summer,KEN
Track And Field,WOMEN’S 400M,Gold,Marileidy Paulino,Dominican Republic,2024,Paris,Summer,DOM
Track And Field,WOMEN’S 4X100M RELAY,Gold,United States,United States,2024,Paris,Summer,USA
Beach Volleyball,WOMEN’S,Gold,Brazil,Brazil,2024,Paris,Summer,BRA
Boxing,MEN’S 71KG,Gold,Asadkhuja Muydinkhujaev,Uzbekistan,2024,Paris,Summer,UZB
Boxing,MEN’S 92 KG,Gold,Lazizbek Mullojonov,Uzbekistan,2024,Paris,Summer,UZB
Boxing,WOMEN’S 50KG,Gold,Wu Yu,China,2024,Paris,Summer,CHN
Boxing,WOMEN’S 66KG,Gold,Imane Khelif,Algeria,2024,Paris,Summer,ALG
Breaking,B-GIRLS,Gold,Ami (Ami Yuasa),Japan,2024,Paris,Summer,JPN
Canoe Sprint,MEN’S KAYAK DOUBLE 500M,Gold,Max Lemke and Jacob Schopf,Germany,2024,Paris,Summer,FRG
Canoe Sprint,MEN’S CANOE SINGLE 1000M,Gold,Martin Fuksa,Czech Republic,2024,Paris,Summer,BOH
Canoe Sprint,WOMEN’S KAYAK DOUBLE 500M,Gold,Lisa Carrington and Alicia Hoskin,New Zealand,2024,Paris,Summer,NZL
Canoe Sprint,WOMEN’S CANOE DOUBLE 500M,Gold,Sun Mengya and Xu Shixiao,China,2024,Paris,Summer,CHN
Cycling Track,MEN’S SPRINT,Gold,Harrie Lavreysen,Netherlands,2024,Paris,Summer,NED
Cycling Track,WOMEN’S MADISON,Gold,Chiara Consonni and Vittoria Guazzini,Italy,2024,Paris,Summer,ITA
Diving,WOMEN’S 3M SPRINGBOARD,Gold,Chen Yiwen,China,2024,Paris,Summer,CHN
Field Hockey,WOMEN’S,Gold,Netherlands,Netherlands,2024,Paris,Summer,NED
Marathon Swimming,MEN’S 10KM,Gold,Kristof Rasovsky,Hungary,2024,Paris,Summer,HUN
Rhythmic Gymnastics,INDIVIDUAL ALL-AROUND,Gold,Darja Varfolomeev,Germany,2024,Paris,Summer,FRG
Sailing,MEN’S KITE,Gold,Valentin Bontus,Austria,2024,Paris,Summer,AUT
Soccer,MEN,Gold,Spain,Spain,2024,Paris,Summer,ESP
Sport Climbing,MEN’S BOULDER & LEAD,Gold,Toby Roberts,Great Britain,2024,Paris,Summer,GBR
Table Tennis,MEN’S TEAM,Gold,China,China,2024,Paris,Summer,CHN
Taekwondo,WOMEN’S -67KG,Gold,Viviana Marton,Hungary,2024,Paris,Summer,HUN
Taekwondo,MEN’S -80KG,Gold,Firas Katoussi,Tunisia,2024,Paris,Summer,TUN
Weightlifting,WOMEN’S 71KG,Gold,Olivia Reeves,United States,2024,Paris,Summer,USA
Weightlifting,MEN’S 89KG,Gold,Karlos Nasar,Bulgaria,2024,Paris,Summer,BUL
Wrestling,WOMEN’S FREESTYLE 57KG,Gold,Tsugumi Sakurai,Japan,2024,Paris,Summer,JPN
Wrestling,MEN’S FREESTYLE 57KG,Gold,Higuchi Rei,Japan,2024,Paris,Summer,JPN
Wrestling,MEN’S FREESTYLE 86KG,Gold,Magomed Eldarovitch Ramazanov,Bulgaria,2024,Paris,Summer,BUL
Track And Field,MEN’S 200M,Gold,Letsile Tebogo,Botswana,2024,Paris,Summer,BOT
Track And Field,MEN’S 110M HURDLES,Gold,GRANT HOLLOWAY,United States,2024,Paris,Summer,USA
Track And Field,MEN’S JAVELIN THROW,Gold,Arshad Nadeem,Pakistan,2024,Paris,Summer,PAK
Track And Field,WOMEN’S 400M HURDLES,Gold,Sydney McLaughlin-Levrone,United States,2024,Paris,Summer,USA
Track And Field,WOMEN’S LONG JUMP,Gold,Tara Davis-Woodhall,United States,2024,Paris,Summer,USA
Cycling,MEN’S OMNIUM,Gold,Benjamin Thomas,France,2024,Paris,Summer,FRA
Cycling,WOMEN’S KEIRIN,Gold,Ellesse Andrews,New Zealand,2024,Paris,Summer,NZL
Canoe Slalom,MEN’S CANOE DOUBLE 500M,Gold,Liu Hao and Ji Bowen,China,2024,Paris,Summer,CHN
Canoe Slalom,WOMEN’S KAYAK FOUR 500M,Gold,New Zealand,New Zealand,2024,Paris,Summer,NZL
Canoe Slalom,MEN’S KAYAK FOUR 500M,Gold,Germany,Germany,2024,Paris,Summer,FRG
Field Hockey,MEN’S,Gold,Netherlands,Netherlands,2024,Paris,Summer,NED
Marathon Swimming,WOMEN’S 10KM,Gold,Sharon van Rouwendaal,Netherlands,2024,Paris,Summer,NED
Sports Climbing,MEN’S SPEED,Gold,Veddriq Leonardo,Indonesia,2024,Paris,Summer,INA
Diving,MEN’S 3M SPRINGBOARD,Gold,Xie Siyi,China,2024,Paris,Summer,CHN
Sailing,MIXED DINGHY,Gold,Lara Vadlau and Lukas Maehr,Austria,2024,Paris,Summer,AUT
Sailing,MIXED MULTIHULL,Gold,Ruggero Tita and Caterina Marianna Banti,Italy,2024,Paris,Summer,ITA
Sailing,WOMEN’S KITE,Gold,Eleanor Aldridge,Great Britain,2024,Paris,Summer,GBR
Weightlifting,WOMEN’S 59KG,Gold,Luo Shifang,China,2024,Paris,Summer,CHN
Wrestling,MEN’S GRECO-ROMAN 67KG,Gold,Saeid Esmaeili Leivesi,Iran,2024,Paris,Summer,IRI
Wrestling,MEN’S GRECO-ROMAN 87KG,Gold,Semen Sergeevich Novikov,Bulgaria,2024,Paris,Summer,BUL
Wrestling,WOMEN’S FREESTYLE 53KG,Gold,Akari Fujinami,Japan,2024,Paris,Summer,JPN
Artistic Swimming,TEAM,Gold,China,China,2024,Paris,Summer,CHN
Boxing,MEN’S 63.5KG,Gold,Erislandy Alvarez Borges,Cuba,2024,Paris,Summer,CUB
Boxing,MEN’S 80KG,Gold,Oleksandr Khyzhniak,Ukraine,2024,Paris,Summer,UKR
Climbing,WOMEN’S SPEED,Gold,Aleksandra Miroslaw,Poland,2024,Paris,Summer,POL
Cycling,CYCLING MEN’S TEAM PURSUIT,Gold,"Oliver Bleddyn, Conor Leahy, Kelland O’Brien, Sam Welsford)",Australia,2024,Paris,Summer,ANZ
Cycling,CYCLING WOMEN’S TEAM PURSUIT,Gold,"Chloé Dygert, Kristen Faulkner, Jennifer Valente, Lily Williams)",United States,2024,Paris,Summer,USA
Sailing,MEN’S DINGHY,Gold,Matt Wearn,Australia,2024,Paris,Summer,ANZ
Sailing,WOMEN’S DINGHY,Gold,Marit Bouwmeester,Netherlands,2024,Paris,Summer,NED
Skateboarding,MEN’S PARK,Gold,Keegan Palmer,Australia,2024,Paris,Summer,ANZ
Taekwondo,MEN 58KG,Gold,Park Tae-joon,South Korea,2024,Paris,Summer,KOR
Taekwondo,WOMEN’S 49KG,Gold,Panipak Wongpattanakit,Thailand,2024,Paris,Summer,THA
Track And Field,MEN’S 400M,Gold,Quincy Hall,United States,2024,Paris,Summer,USA
Track And Field,"MEN’S 3,000M STEEPLECHASE",Gold,Soufiane El Bakkali,Morocco,2024,Paris,Summer,MAR
Track And Field,MEN’S DISCUS THROW,Gold,Roje Stona,Jamaica,2024,Paris,Summer,JAM
Track And Field,WOMEN’S POLE VAULT,Gold,Nina Kennedy,Australia,2024,Paris,Summer,ANZ
Track And Field,MARATHON RACE WALK MIXED RELAY,Gold,Spain,Spain,2024,Paris,Summer,ESP
Weightlifting,MEN’S 61KG,Gold,Li Fabin,China,2024,Paris,Summer,CHN
Weightlifting,WOMEN’S 49KG,Gold,Hou Zhihui,China,2024,Paris,Summer,CHN
Wrestling,MEN’S GRECO-ROMAN 77KG,Gold,Nao Kusaka,Japan,2024,Paris,Summer,JPN
Wrestling,MEN’S GRECO-ROMAN 97KG,Gold,Mohammadhadi Saravi,Iran,2024,Paris,Summer,IRI
Wrestling,WOMEN’S FREESTYLE 50KG,Gold,Sarah Ann Hildebrandt,United States,2024,Paris,Summer,USA
Boxing,WOMEN’S 60KG,Gold,Kellie Harrington,Ireland,2024,Paris,Summer,IRL
Cycling Track,MEN’S TEAM SPRINT,Gold,Netherlands,Netherlands,2024,Paris,Summer,NED
Diving,WOMEN’S 10M PLATFORM,Gold,Quan Hongchan,China,2024,Paris,Summer,CHN
Equestrian,INDIVIDUAL JUMPING,Gold,Christian Kukuk,Germany,2024,Paris,Summer,FRG
Skateboarding,WOMEN’S PARK,Gold,Arisa Trew,Australia,2024,Paris,Summer,ANZ
Track And Field,WOMEN’S 200M,Gold,Gabrielle Thomas,United States,2024,Paris,Summer,USA
Track And Field,"WOMEN’S 3,000M STEEPLECHASE",Gold,Winfred Yavi,Bahrain,2024,Paris,Summer,BRN
Track And Field,WOMEN’S HAMMER THROW,Gold,Camryn Rogers,Canada,2024,Paris,Summer,CAN
Track And Field,"MEN’S 1,500M",Gold,Cole Hocker,United States,2024,Paris,Summer,USA
Track And Field,MEN’S LONG JUMP,Gold,Miltiadis Tentoglou,Greece,2024,Paris,Summer,CRT
Wrestling,MEN’S GRECO-ROMAN 130KG,Gold,Mijain Lopez Nunez,Cuba,2024,Paris,Summer,CUB
Wrestling,MEN’S GRECO-ROMAN 60KG,Gold,Kenichiro Fumita,Japan,2024,Paris,Summer,JPN
Wrestling,WOMEN’S FREESTYLE 68KG,Gold,Amit Elor,United States,2024,Paris,Summer,USA
3X3 Basketball,MEN’S 3X3 BASKETBALL,Gold,Netherlands,Netherlands,2024,Paris,Summer,NED
3X3 Basketball,WOMEN’S 3X3 BASKETBALL,Gold,Germany,Germany,2024,Paris,Summer,FRG
Badminton,MEN’S SINGLES,Gold,Viktor Axelsen,Denmark,2024,Paris,Summer,DEN
Badminton,WOMEN’S SINGLES,Gold,An Se-young,South Korea,2024,Paris,Summer,KOR
Canoe Slalom,MEN’S KAYAK CROSS,Gold,Finn Butcher,New Zealand,2024,Paris,Summer,NZL
Canoe Slalom,WOMEN’S KAYAK CROSS,Gold,Noemie Fox,Australia,2024,Paris,Summer,ANZ
Cycling Track,WOMEN’S TEAM SPRINT,Gold,Britain,Great Britain,2024,Paris,Summer,GBR
Gymnastics,MEN’S HORIZONTAL BAR,Gold,Shinnosuke Oka,Japan,2024,Paris,Summer,JPN
Gymnastics,MEN’S PARALLEL BARS,Gold,Zou Jingyuan,China,2024,Paris,Summer,CHN
Gymnastics,WOMEN’S BALANCE BEAM,Gold,Alice D’Amato,Italy,2024,Paris,Summer,ITA
Gymnastics,WOMEN’S FLOOR EXERCISE,Gold,Rebeca Andrade,Brazil,2024,Paris,Summer,BRA
Shooting,MEN’S 25M RAPID FIRE PISTOL,Gold,Li Yuehong,China,2024,Paris,Summer,CHN
Shooting,MIXED TEAM SKEET,Gold,Diana Bacosi and Gabriele Rossetti,Italy,2024,Paris,Summer,ITA
Surfing,MEN,Gold,Kauli Vaast,France,2024,Paris,Summer,FRA
Surfing,WOMEN,Gold,Caroline Marks,United States,2024,Paris,Summer,USA
Track And Field,MEN’S POLE VAULT,Gold,Armand Duplantis,Sweden,2024,Paris,Summer,SWE
Track And Field,WOMEN’S 800M,Gold,Keely Hodgkinson,Great Britain,2024,Paris,Summer,GBR
Track And Field,WOMEN’S 5000M,Gold,Beatrice Chebet,Kenya,2024,Paris,Summer,KEN
Track And Field,WOMEN’S DISCUS THROW,Gold,Valerie Allman,United States,2024,Paris,Summer,USA
Triathlon,MIXED RELAY,Gold,Germany,Germany,2024,Paris,Summer,FRG
Archery,MEN’S INDIVIDUAL,Gold,Kim Woo-jin,South Korea,2024,Paris,Summer,KOR
Artistic Gymnastics,MEN’S RINGS,Gold,Liu Yang,China,2024,Paris,Summer,CHN
Artistic Gymnastics,MEN’S VAULT,Gold,Carlos Edriel Yulo,Philippines,2024,Paris,Summer,PHI
Artistic Gymnastics,WOMEN’S UNEVEN BARS,Gold,Kaylia Nemour,Algeria,2024,Paris,Summer,ALG
Badminton,MEN’S DOUBLES,Gold,Lee Yang and Wang Chi-lin,Taiwan,2024,Paris,Summer,TPE
Cycling,WOMEN’S ROAD RACE,Gold,Kristen Faulkner,United States,2024,Paris,Summer,USA
Equestrian,DRESSAGE INDIVIDUAL,Gold,Jessica von Bredow-Werndl,Germany,2024,Paris,Summer,FRG
Fencing,MEN’S FOIL TEAM,Gold,Japan,Japan,2024,Paris,Summer,JPN
Golf,MEN’S INDIVIDUAL,Gold,Scottie Scheffler,United States,2024,Paris,Summer,USA
Shooting,WOMEN’S SKEET,Gold,Francisca Crovetto,Chile,2024,Paris,Summer,CHI
Swimming,WOMEN’S 50M FREESTYLE,Gold,Sarah Sjöström,Sweden,2024,Paris,Summer,SWE
Swimming,WOMEN’S 4x100M MEDLEY RELAY,Gold,United States,United States,2024,Paris,Summer,USA
Swimming,MEN’S 1500M FREESTYLE,Gold,Bobby Finke,United States,2024,Paris,Summer,USA
Swimming,MEN’S 4x100M MEDLEY RELAY,Gold,China,China,2024,Paris,Summer,CHN
Table Tennis,MEN’S SINGLES,Gold,Fan Zhendong,China,2024,Paris,Summer,CHN
Tennis,MEN’S SINGLES,Gold,Nova Djokovic,Serbia,2024,Paris,Summer,SCG
Tennis,WOMEN’S DOUBLES,Gold,Sara Errani and Jasmine Paolini,Italy,2024,Paris,Summer,ITA
Track And Field,MEN’S 100M,Gold,Noah Lyles,United States,2024,Paris,Summer,USA
Track And Field,MEN’S HAMMER THROW,Gold,Ethan Katzberg,Canada,2024,Paris,Summer,CAN
Track And Field,WOMEN’S HIGH JUMP,Gold,Yaroslava Mahuchikh,Ukraine,2024,Paris,Summer,UKR
Archery,WOMEN’S INDIVIDUAL,Gold,Lim Si-hyeon,South Korea,2024,Paris,Summer,KOR
Artistic Gymnastics,MEN’S FLOOR EXERCISE,Gold,Carlos Edriel Yulo,Philippines,2024,Paris,Summer,PHI
Artistic Gymnastics,MEN’S POMMEL HORSE,Gold,Rhys McClenaghan,Ireland,2024,Paris,Summer,IRL
Artistic Gymnastics,WOMEN’S VAULT,Gold,Simone Biles,United States,2024,Paris,Summer,USA
Badminton,WOMEN’S DOUBLES,Gold,Chen Qingchen and Jia Yifan,China,2024,Paris,Summer,CHN
Cycling,MEN’S ROAD RACE,Gold,Remco Evenepoel,Belgium,2024,Paris,Summer,BEL
Equestrian,DRESSAGE TEAM,Gold,Germany,Germany,2024,Paris,Summer,FRG
Fencing,WOMEN’S TEAM SABER,Gold,Ukraine,Ukraine,2024,Paris,Summer,UKR
Judo,MIXED TEAM,Gold,France,France,2024,Paris,Summer,FRA
Rowing,MEN’S EIGHT,Gold,Britain,Great Britain,2024,Paris,Summer,GBR
Rowing,WOMEN’S EIGHT,Gold,Romania,Romania,2024,Paris,Summer,ROU
Rowing,MEN’S SINGLE SCULLS,Gold,Oliver Zeidler,Germany,2024,Paris,Summer,FRG
Rowing,WOMEN’S SINGLE SCULLS,Gold,Karolien Florijn,Netherlands,2024,Paris,Summer,NED
Sailing,MEN’S WINDSURFING,Gold,Tom Reuveny,Israel,2024,Paris,Summer,ISR
Sailing,WOMEN’S WINDSURFING,Gold,Marta Maggetti,Italy,2024,Paris,Summer,ITA
Shooting,WOMEN’S 25M PISTOL,Gold,Yang Ji-in,South Korea,2024,Paris,Summer,KOR
Shooting,MEN’S SKEET,Gold,Vincent Hancock,United States,2024,Paris,Summer,USA
Swimming,MEN’S 100M BUTTERFLY,Gold,Kristof Milak,Hungary,2024,Paris,Summer,HUN
Swimming,MIXED 4X100 MEDLEY RELAY,Gold,United States,United States,2024,Paris,Summer,USA
Swimming,WOMEN’S 200M INDIVIDUAL MEDLEY,Gold,Summer McIntosh,Canada,2024,Paris,Summer,CAN
Swimming,WOMEN’S 800M FREESTYLE,Gold,Katie Ledecky,United States,2024,Paris,Summer,USA
Table Tennis,WOMEN’S SINGLES,Gold,Chen Meng,China,2024,Paris,Summer,CHN
Tennis,MEN’S DOUBLES,Gold,Matthew Ebden and John Peers,Australia,2024,Paris,Summer,ANZ
Tennis,WOMEN’S SINGLES,Gold,Zheng Qinwen,China,2024,Paris,Summer,CHN
Track And Field,MEN’S SHOTPUT,Gold,Ryan Crouser,United States,2024,Paris,Summer,USA
Track And Field,MIXED 4X400M RELAY,Gold,Netherlands,Netherlands,2024,Paris,Summer,NED
Track And Field,WOMEN’S 100M,Gold,Julien Alfred,Saint Lucia,2024,Paris,Summer,LCA
Track And Field,WOMEN’S TRIPLE JUMP,Gold,Thea LaFond,Dominica,2024,Paris,Summer,DMA
Archery,MIXED TEAM,Gold,Kim Woo-jin and Lim Si-hyeon,South Korea,2024,Paris,Summer,KOR
Badminton,MIXED DOUBLES,Gold,Zheng Siwei and Huang Ya Qiong,China,2024,Paris,Summer,CHN
Diving,MEN’S SYNCHRONIZED 3M SPRINGBOARD,Gold,Long Daoyi and Wang Zongyuan,China,2024,Paris,Summer,CHN
Cycling Bmx Racing,MEN’S,Gold,Joris Daudet,France,2024,Paris,Summer,FRA
Cycling Bmx Racing,WOMEN’S,Gold,Saya Sakakibara,Australia,2024,Paris,Summer,ANZ
Equestrian,TEAM JUMPING,Gold,Britain,Great Britain,2024,Paris,Summer,GBR
Fencing,MEN’S TEAM ÉPÉE,Gold,Hungary,Hungary,2024,Paris,Summer,HUN
Judo,MEN’S +100KG,Gold,Teddy Riner,France,2024,Paris,Summer,FRA
Judo,WOMEN’S +78KG,Gold,Beatriz Souza,Brazil,2024,Paris,Summer,BRA
Rowing,MEN’S PAIR,Gold,Martin Sinkovic and Valent Sinkovic,Croatia,2024,Paris,Summer,CRO
Rowing,MEN’S LIGHTWEIGHT DOUBLE SCULLS,Gold,Fintan McCarthy and Paul O’Donovan,Ireland,2024,Paris,Summer,IRL
Rowing,WOMEN’S PAIR,Gold,Ymkje Clevering and Veronique Meester,Netherlands,2024,Paris,Summer,NED
Rowing,WOMEN’S LIGHTWEIGHT DOUBLE SCULLS,Gold,Emily Craig and Imogen Grant,Great Britain,2024,Paris,Summer,GBR
Sailing,MEN’S SKIFF,Gold,Diego Botín and Florián Trittel,Spain,2024,Paris,Summer,ESP
Sailing,WOMEN’S SKIFF,Gold,Annette Duetz and Odile van Aanholt,Netherlands,2024,Paris,Summer,NED
Shooting,WOMEN’S 50M RIFLE 3 POSITIONS,Gold,Chiara Leone,Switzerland,2024,Paris,Summer,SUI
Swimming,MEN’S 200M INDIVIDUAL MEDLEY,Gold,Léon Marchand,France,2024,Paris,Summer,FRA
Swimming,MEN’S 50M FREESTYLE,Gold,Cameron McEvoy,Australia,2024,Paris,Summer,ANZ
Swimming,WOMEN’S 200 BACKSTROKE,Gold,Kaylee McKeown,Australia,2024,Paris,Summer,ANZ
Tennis,MIXED DOUBLES,Gold,Katerina Siniakova and Tomas Machac,Czech Republic,2024,Paris,Summer,BOH
Track And Field,"MEN’S 10,000M",Gold,Joshua Cheptegei,Uganda,2024,Paris,Summer,UGA
Trampoline,MEN’S ,Gold,Ivan Litvinovich,Belarus,2024,Paris,Summer,BLR
Trampoline,WOMEN’S,Gold,Bryony Page,Great Britain,2024,Paris,Summer,GBR
Canoe Slalom,MEN’S SINGLE KAYAK,Gold,Giovanni De Gennaro,Italy,2024,Paris,Summer,ITA
Fencing,WOMEN’S TEAM FOIL,Gold,United States,United States,2024,Paris,Summer,USA
Gymnastics,WOMEN’S ALL-AROUND,Gold,Simone Biles,United States,2024,Paris,Summer,USA
Judo,MEN’S -100KG,Gold,Zelym Kotsoiev,Azerbaijan,2024,Paris,Summer,AZE
Judo,WOMEN’S -78KG,Gold,Alice Bellandi,Italy,2024,Paris,Summer,ITA
Rowing,MEN’S DOUBLE SCULLS,Gold,Andrei-Sebastian Cornea and Marian Enache,Romania,2024,Paris,Summer,ROU
Rowing,WOMEN’S DOUBLE SCULLS,Gold,Brooke Francis and Lucy Spoors,Australia,2024,Paris,Summer,ANZ
Rowing,MEN’S FOUR,Gold,United States,United States,2024,Paris,Summer,USA
Rowing,WOMEN’S FOUR,Gold,Netherlands,Netherlands,2024,Paris,Summer,NED
Shooting,MEN’S 50M RIFLE 3 POSITIONS,Gold,Liu Yukun,China,2024,Paris,Summer,CHN
Swimming,MEN’S 200M BACKSTROKE,Gold,Hubert Kos,Hungary,2024,Paris,Summer,HUN
Swimming,WOMEN’S 200M BUTTERFLY,Gold,Summer McIntosh,Canada,2024,Paris,Summer,CAN
Swimming,WOMEN’S 200M BREASTSTROKE,Gold,Kate Douglass,United States,2024,Paris,Summer,USA
Swimming,WOMENS 4X200 FREESTYLE RELAY,Gold,Australia,Australia,2024,Paris,Summer,ANZ
Track And Field,MEN’S 20KM RACE WALK,Gold,Brian Pintado,Ecuador,2024,Paris,Summer,ECU
Track And Field,WOMEN’S 20KM RACE WALK,Gold,Yang Jiayu,China,2024,Paris,Summer,CHN
Gymnastics,MEN’S ALL AROUND,Gold,Shinnosuke Oka,Japan,2024,Paris,Summer,JPN
Canoe,WOMEN’S SINGLE,Gold,Jessica Fox,Australia,2024,Paris,Summer,ANZ
Cycling,WOMEN’S PARK,Gold,Deng Yawen,China,2024,Paris,Summer,CHN
Cycling,MEN’S PARK,Gold,Jose Torres Gil,Argentina,2024,Paris,Summer,ARG
Diving,WOMEN’S SYNCHRONIZED 10-METER PLATFORM,Gold,Chen Yuxi and Quan Hongchan,China,2024,Paris,Summer,CHN
Fencing,MEN’S SABRE TEAM,Gold,South Korea,South Korea,2024,Paris,Summer,KOR
Judo,WOMEN’S 70KG,Gold,Barbara Matic,Croatia,2024,Paris,Summer,CRO
Judo,MEN’S 90KG,Gold,Lasha Bekauri,Georgia,2024,Paris,Summer,GEO
Rowing,MEN’S QUADRUPLE SCULLS,Gold,"Lennart van Lierop, Finn Florijn, Tone Wieten, Koen Metsemakers)",Netherlands,2024,Paris,Summer,NED
Rowing,WOMEN’S QUADRUPLE SCULLS,Gold,"Lauren Henry, Hannah Scott, Lola Anderson, Georgina Brayshaw)",Great Britain,2024,Paris,Summer,GBR
Swimming,WOMEN’S 100M FREESTYLE,Gold,Sarah Sjoestroem,Sweden,2024,Paris,Summer,SWE
Swimming,"WOMEN’S 1,500M FREESTYLE",Gold,Katie Ledecky,United States,2024,Paris,Summer,USA
Swimming,MEN’S 100M FREESTYLE,Gold,Pan Zhanle,China,2024,Paris,Summer,CHN
Swimming,MEN’S 200M BREASTSTROKE,Gold,Léon Marchand,France,2024,Paris,Summer,FRA
Swimming,MEN’S 200M BUTTERFLY,Gold,Léon Marchand,France,2024,Paris,Summer,FRA
Shooting,WOMEN’S TRAP,Gold,Adriana Ruano,Guatemala,2024,Paris,Summer,GUA
Triathlon,WOMEN,Gold,Cassandre Beaugrand,France,2024,Paris,Summer,FRA
Triathlon,MEN,Gold,Alex Yee,Great Britain,2024,Paris,Summer,GBR
Fencing,WOMEN’S EPEE TEAM,Gold,Italy,Italy,2024,Paris,Summer,ITA
Gymnastics,WOMEN’S TEAM,Gold,United States,United States,2024,Paris,Summer,USA
Judo,WOMEN’S 63KG,Gold,Andreja Leški,Slovenia,2024,Paris,Summer,SLO
Judo,MEN’S 81KG,Gold,Takanori Nagase,Japan,2024,Paris,Summer,JPN
Rugby Sevens,WOMEN’S,Gold,New Zealand,New Zealand,2024,Paris,Summer,NZL
Shooting,MIXED TEAM 10M AIR PISTOL,Gold,Zorana Arunovic and Damir Mikec,Serbia,2024,Paris,Summer,SCG
Shooting,MEN’S TRAP,Gold,Nathan Hales,Great Britain,2024,Paris,Summer,GBR
Swimming,WOMEN’S 100M BACKSTROKE,Gold,Kaylee McKeown,Australia,2024,Paris,Summer,ANZ
Swimming,MEN’S 800M FREESTYLE,Gold,Daniel Wiffen,Ireland,2024,Paris,Summer,IRL
Swimming,MEN’S 4X200M FREESTYLE RELAY,Gold,Britain,Great Britain,2024,Paris,Summer,GBR
Table Tennis,MEN’S 4x200M FREESTYLE RELAY,Gold,Wang Chuqin and Sun Yingsha,China,2024,Paris,Summer,CHN
Archery,MIXED DOUBLES,Gold,South Korea,South Korea,2024,Paris,Summer,KOR
Artistic Gymnastics,MEN’S TEAM,Gold,Japan,Japan,2024,Paris,Summer,JPN
Canoe Slalom,MEN’S TEAM,Gold,Nicolas Gestin,France,2024,Paris,Summer,FRA
Cycling Mountain Bike,MEN’S CANOE SINGLE,Gold,Tom Pidcock,Great Britain,2024,Paris,Summer,GBR
Diving,MEN’S CROSS-COUNTRY,Gold,Lian Junjie and Yang Hao,China,2024,Paris,Summer,CHN
Equestrian,MEN’S SYNCHRONIZED 10M PLATFORM,Gold,Britain,Great Britain,2024,Paris,Summer,GBR
Fencing,EVENTING TEAM,Gold,Manon Apithy-Brunet,France,2024,Paris,Summer,FRA
Fencing,MEN’S FOIL INDIVIDUAL,Gold,Cheung Ka Long,Hong Kong,2024,Paris,Summer,HKG
Judo,WOMEN’S SABER INDIVIDUAL,Gold,Christa Deguchi,Canada,2024,Paris,Summer,CAN
Judo,MEN’S 73KG,Gold,Hidayat Heydarov,Azerbaijan,2024,Paris,Summer,AZE
Shooting,WOMEN’S 57KG,Gold,Ban Hyo-jin,South Korea,2024,Paris,Summer,KOR
Shooting,MEN’S 10M AIR RIFLE,Gold,Sheng Lihao,China,2024,Paris,Summer,CHN
Skateboarding,WOMEN’S 10M AIR RIFLE,Gold,Yuto Horigome,Japan,2024,Paris,Summer,JPN
Swimming,WOMEN’S 100M BREASTSTROKE,Gold,Tatjana Smith,South Africa,2024,Paris,Summer,RSA
Swimming,WOMEN’S 200M FREESTYLE,Gold,Mollie O’Callaghan,Australia,2024,Paris,Summer,ANZ
Swimming,WOMEN’S 400M INDIVIDUAL MEDLEY,Gold,Summer McIntosh,Canada,2024,Paris,Summer,CAN
Swimming,MEN’S 100M BACKSTROKE,Gold,Thomas Ceccon,Italy,2024,Paris,Summer,ITA
Swimming,MEN’S 200M FREESTYLE,Gold,David Popovici,Romania,2024,Paris,Summer,ROU
Archery,WOMEN’S TEAM,Gold,South Korea,South Korea,2024,Paris,Summer,KOR
Canoe Slalom,WOMEN’S KAYAK SINGLE,Gold,Jessica Fox,Australia,2024,Paris,Summer,ANZ
Cycling Mountain Bike,WOMEN’S CROSS-COUNTRY,Gold,Pauline Ferrand-Prevot,France,2024,Paris,Summer,FRA
Fencing,WOMEN’S FOIL INDIVIDUAL,Gold,Lee Kiefer,United States,2024,Paris,Summer,USA
Judo,WOMEN’S 52KG,Gold,Diyora Keldiyorova,Uzbekistan,2024,Paris,Summer,UZB
Judo,MEN’S 66KG,Gold,Hifumi Abe,Japan,2024,Paris,Summer,JPN
Shooting,MEN’S 10M AIR PISTOL,Gold,Xie Yu,China,2024,Paris,Summer,CHN
Swimming,MEN’S 400M INDIVIDUAL MEDLEY,Gold,Léon Marchand,France,2024,Paris,Summer,FRA
Swimming,WOMEN’S 100M BUTTERFLY,Gold,Torri Huske,United States,2024,Paris,Summer,USA
Shooting,WOMEN’S 10M AIR PISTOL,Gold,Oh Ye-jin,South Korea,2024,Paris,Summer,KOR
Skateboarding,WOMEN’S STREET,Gold,Coco Yoshizawa,Japan,2024,Paris,Summer,JPN
Cycling,MEN’S INDIVIDUAL TIME TRIAL,Gold,Remco Evenepoel,Belgium,2024,Paris,Summer,BEL
Cycling,WOMEN’S INDIVIDUAL TIME TRIAL,Gold,Grace Brown,Australia,2024,Paris,Summer,ANZ
Diving,WOMEN’S SYNCHRONIZED 3M SPRINGBOARD,Gold,Chang Yani and Chen Yiwen,China,2024,Paris,Summer,CHN
Fencing,WOMEN’S EPEE INDIVIDUAL,Gold,Vivian Kong,Hong Kong,2024,Paris,Summer,HKG
Fencing,MEN’S SABER INDIVIDUAL,Gold,Sanguk Oh,South Korea,2024,Paris,Summer,KOR
Judo,WOMEN 48KG,Gold,Natsumi Tsunoda,Japan,2024,Paris,Summer,JPN
Judo,MEN 60KG,Gold,Yeldos Smetov,Kazakhstan,2024,Paris,Summer,KAZ
Rugby Sevens,MEN’S,Gold,France,France,2024,Paris,Summer,FRA
Shooting,10M AIR RIFLE MIXED TEAM,Gold,Huang Yuting and Sheng Lihao,China,2024,Paris,Summer,CHN
Swimming,MEN’S 400M FREESTYLE,Gold,Lukas Maertens,Germany,2024,Paris,Summer,FRG
Swimming,MEN’S 4X100M FREESTYLE RELAY,Gold,United States,United States,2024,Paris,Summer,USA
Swimming,WOMEN’S 400M FREESTYLE,Gold,Ariarne Titmus,Australia,2024,Paris,Summer,ANZ
Swimming,WOMEN’S 4X100M FREESTYLE RELAY,Gold,Australia,Australia,2024,Paris,Summer,ANZ
Athletics,WOMEN’S MARATHON,Silver,Tigst Assefa,Ethiopia,2024,Paris,Summer,ETH
Basketball,WOMEN’S,Silver,France,France,2024,Paris,Summer,FRA
Cycling Track,MEN’S KEIRIN,Silver,Matthew Richardson,Australia,2024,Paris,Summer,ANZ
Cycling Track,WOMEN’S SPRING,Silver,Lea Friedrich,Germany,2024,Paris,Summer,FRG
Cycling Track,WOMEN’S OMNIUM,Silver,Daria Pikulik,Poland,2024,Paris,Summer,POL
Handball,MEN’S,Silver,Germany,Germany,2024,Paris,Summer,FRG
Modern Pentathlon,WOMEN’S INDIVIDUAL,Silver,Elodie Clouvel,France,2024,Paris,Summer,FRA
Volleyball,WOMEN’S,Silver,United States,United States,2024,Paris,Summer,USA
Water Polo,MEN’S,Silver,Croatia,Croatia,2024,Paris,Summer,CRO
Weightlifting,WOMEN’S +81KG,Silver,Park Hyejeong,South Korea,2024,Paris,Summer,KOR
Wrestling,WOMEN’S FREESTYLE 76KG,Silver,Kennedy Alexis Blades,United States,2024,Paris,Summer,USA
Wrestling,MEN’S FREESTYLE 65KG,Silver,Rahman Amouzadkhalili,Iran,2024,Paris,Summer,IRI
Wrestling,MEN’S FREESTYLE 97KG,Silver,Givi Matcharashvili,Georgia,2024,Paris,Summer,GEO
Artistic Swimming,DUET,Silver,Kate Shortman and Isabelle Thorpe),Great Britain,2024,Paris,Summer,GBR
Basketball,MEN,Silver,France,France,2024,Paris,Summer,FRA
Beach Volleyball,MEN,Silver,Nils Ehlers and Clemens Wickler,Germany,2024,Paris,Summer,FRG
Boxing,MEN’S 57KG,Silver,Munarbek Seiitbek Uulu,Kyrgyzstan,2024,Paris,Summer,KGZ
Boxing,WOMEN’S 57KG,Silver,Julia Szeremeta,Poland,2024,Paris,Summer,POL
Boxing,MEN’S +92KG,Silver,Ayoub Ghadfa,Spain,2024,Paris,Summer,ESP
Boxing,WOMEN’S 75KG,Silver,Atheyna Bylon,Panama,2024,Paris,Summer,PAN
Breaking,B-BOYS,Silver,Dany Dann (Danis Civil),France,2024,Paris,Summer,FRA
Canoe Sprint,MEN’S 1000M SINGLE KAYAK,Silver,Adam Varga,Hungary,2024,Paris,Summer,HUN
Canoe Sprint,WOMEN’S 500M SINGLE KAYAK,Silver,Tamara Csipes,Hungary,2024,Paris,Summer,HUN
Canoe Sprint,WOMEN’S 200M SINGLE KAYAK,Silver,Nevin Harrison,United States,2024,Paris,Summer,USA
Cycling Track,MEN’S MADISON,Silver,Simone Consonni and Elia Viviani,Italy,2024,Paris,Summer,ITA
Diving,MEN’S 10M PLATFORM,Silver,Rikuto Tamai,Japan,2024,Paris,Summer,JPN
Golf,WOMEN’S INDIVIDUAL,Silver,Esther Henseleit,Germany,2024,Paris,Summer,FRG
Handball,WOMEN,Silver,France,France,2024,Paris,Summer,FRA
Modern Pentathlon,MEN’S,Silver,Taishu Sato,Japan,2024,Paris,Summer,JPN
Rhythmic Gymnastics,GROUP ALL-AROUND,Silver,Israel,Israel,2024,Paris,Summer,ISR
Soccer,WOMEN’S,Silver,Brazil,Brazil,2024,Paris,Summer,BRA
Sport Climbing,WOMEN’S BOULDER & LEAD,Silver,Brooke Raboutou,United States,2024,Paris,Summer,USA
Table Tennis,WOMEN’S TEAM,Silver,Japan,Japan,2024,Paris,Summer,JPN
Taekwondo,MEN’S +80KG,Silver,Caden Cunningham,Great Britain,2024,Paris,Summer,GBR
Taekwondo,WOMEN’S +67KG,Silver,Svetlana Osipova,Uzbekistan,2024,Paris,Summer,UZB
Track And Field,MEN’S MARATHON,Silver,Bashir Abdi,Belgium,2024,Paris,Summer,BEL
Track And Field,MEN’S 800M,Silver,Marco Arop,Canada,2024,Paris,Summer,CAN
Track And Field,MEN’S 5000M,Silver,Ronald Kwemoi,Kenya,2024,Paris,Summer,KEN
Track And Field,MEN’S HIGH JUMP,Silver,Shelby McEwen,United States,2024,Paris,Summer,USA
Track And Field,MEN’S 4X400M RELAY,Silver,Botswana,Botswana,2024,Paris,Summer,BOT
Track And Field,WOMEN’S 4X400M RELAY,Silver,Netherlands,Netherlands,2024,Paris,Summer,NED
Track And Field,WOMEN’S 1500M,Silver,Jessica Hull,Australia,2024,Paris,Summer,ANZ
Track And Field,WOMEN’S JAVELIN THROW,Silver,Jo-Ane van Dyk,South Africa,2024,Paris,Summer,RSA
Track And Field,WOMEN’S 100M HURDLES,Silver,Cyréna Samba-Mayela,France,2024,Paris,Summer,FRA
Volleyball,MEN’S TEAM,Silver,Poland,Poland,2024,Paris,Summer,POL
Water Polo,WOMEN’S,Silver,Australia,Australia,2024,Paris,Summer,ANZ
Weightlifting,MEN’S 102KG,Silver,Akbar Djuraev,Uzbekistan,2024,Paris,Summer,UZB
Weightlifting,MEN’S 102KG,Silver,Varazdat Lalayan,Armenia,2024,Paris,Summer,ARM
Weightlifting,WOMEN’S 81KG,Silver,Sara Ahmed,Egypt,2024,Paris,Summer,EGY
Wrestling,MEN’S FREESTYLE 74KG,Silver,Daichi Takatani,Japan,2024,Paris,Summer,JPN
Wrestling,WOMEN’S FREESTYLE 62KG,Silver,Iryna Koliadenko,Ukraine,2024,Paris,Summer,UKR
Wrestling,MEN’S FREESTYLE 125KG,Silver,Amir Hossein Zare,Iran,2024,Paris,Summer,IRI
Track And Field,MEN’S 400M HURDLES,Silver,Karsten Warholm,Norway,2024,Paris,Summer,NOR
Track And Field,MEN’S TRIPLE JUMP,Silver,Pedro Pichardo,Portugal,2024,Paris,Summer,POR
Track And Field,MEN’S 4X100M RELAY,Silver,South Africa,South Africa,2024,Paris,Summer,RSA
Track And Field,WOMEN’S 4X100M RELAY,Silver,Britain,Great Britain,2024,Paris,Summer,GBR
Track And Field,WOMEN’S SHUT PUT,Silver,Maddison-Lee Wesche,New Zealand,2024,Paris,Summer,NZL
Track And Field,"WOMEN’S 10,000M",Silver,Nadia Battocletti,Italy,2024,Paris,Summer,ITA
Track And Field,WOMEN’S 400M,Silver,Salwa Eid Naser,Bahrain,2024,Paris,Summer,BRN
Track And Field,WOMEN’S 4X100M RELAY,Silver,Britain,Great Britain,2024,Paris,Summer,GBR
Beach Volleyball,WOMEN’S,Silver,Canada,Canada,2024,Paris,Summer,CAN
Boxing,MEN’S 71KG,Silver,Marco Verde,Mexico,2024,Paris,Summer,MEX
Boxing,MEN’S 92 KG,Silver,Loren Berto Alfonso Dominguez,Azerbaijan,2024,Paris,Summer,AZE
Boxing,WOMEN’S 50KG,Silver,Buse Naz Cakiroglu,Turkey,2024,Paris,Summer,TUR
Boxing,WOMEN’S 66KG,Silver,Yang Liu,China,2024,Paris,Summer,CHN
Breaking,B-GIRLS,Silver,Nicka (Dominika Banevič),Lithuania,2024,Paris,Summer,LTU
Canoe Sprint,MEN’S KAYAK DOUBLE 500M,Silver,Bence Nadas and Sandor Totka,Hungary,2024,Paris,Summer,HUN
Canoe Sprint,MEN’S CANOE SINGLE 1000M,Silver,Isaquias Queiroz,Brazil,2024,Paris,Summer,BRA
Canoe Sprint,WOMEN’S KAYAK DOUBLE 500M,Silver,Tamara Csipes and Dora Alida Gazso,Hungary,2024,Paris,Summer,HUN
Canoe Sprint,WOMEN’S CANOE DOUBLE 500M,Silver,Liudmyla Luzan and Anastasiia Rybachok,Ukraine,2024,Paris,Summer,UKR
Cycling Track,MEN’S SPRINT,Silver,Matthew Richardson,Australia,2024,Paris,Summer,ANZ
Cycling Track,WOMEN’S MADISON,Silver,Elinor Barker and Neah Evans),Great Britain,2024,Paris,Summer,GBR
Diving,WOMEN’S 3M SPRINGBOARD,Silver,Maddison Keeney,Australia,2024,Paris,Summer,ANZ
Field Hockey,WOMEN’S,Silver,China,China,2024,Paris,Summer,CHN
Marathon Swimming,MEN’S 10KM,Silver,Oliver Klemet,Germany,2024,Paris,Summer,FRG
Rhythmic Gymnastics,INDIVIDUAL ALL-AROUND,Silver,Boryana Kaleyn,Bulgaria,2024,Paris,Summer,BUL
Sailing,MEN’S KITE,Silver,Toni Vodisek,Slovenia,2024,Paris,Summer,SLO
Soccer,MEN,Silver,France,France,2024,Paris,Summer,FRA
Sport Climbing,MEN’S BOULDER & LEAD,Silver,Sorato Anraku,Japan,2024,Paris,Summer,JPN
Table Tennis,MEN’S TEAM,Silver,Sweden,Sweden,2024,Paris,Summer,SWE
Taekwondo,WOMEN’S -67KG,Silver,Aleksandra Perisic,Serbia,2024,Paris,Summer,SCG
Taekwondo,MEN’S -80KG,Silver,Mehran Barkhordari,Iran,2024,Paris,Summer,IRI
Weightlifting,WOMEN’S 71KG,Silver,Mari Leivis Sanchez,Colombia,2024,Paris,Summer,COL
Weightlifting,MEN’S 89KG,Silver,Yeison López,Colombia,2024,Paris,Summer,COL
Wrestling,WOMEN’S FREESTYLE 57KG,Silver,Anastasia Nichita,Moldova,2024,Paris,Summer,MDA
Wrestling,MEN’S FREESTYLE 57KG,Silver,Spencer Lee,United States,2024,Paris,Summer,USA
Wrestling,MEN’S FREESTYLE 86KG,Silver,Hassan Yazdanicharati,Iran,2024,Paris,Summer,IRI
Track And Field,MEN’S 200M,Silver,Kenneth Bednarek,United States,2024,Paris,Summer,USA
Track And Field,MEN’S 110M HURDLES,Silver,Daniel Roberts,United States,2024,Paris,Summer,USA
Track And Field,MEN’S JAVELIN THROW,Silver,Neeraj Chopra,India,2024,Paris,Summer,IND
Track And Field,WOMEN’S 400M HURDLES,Silver,Anna Cockrell,United States,2024,Paris,Summer,USA
Track And Field,WOMEN’S LONG JUMP,Silver,Malaika Mihambo,Germany,2024,Paris,Summer,FRG
Cycling,MEN’S OMNIUM,Silver,Iuri Leitao,Portugal,2024,Paris,Summer,POR
Cycling,WOMEN’S KEIRIN,Silver,Hetty van de Wouw,Netherlands,2024,Paris,Summer,NED
Canoe Slalom,MEN’S CANOE DOUBLE 500M,Silver,Gabriele Casadei and Carlo Tacchini,Italy,2024,Paris,Summer,ITA
Canoe Slalom,WOMEN’S KAYAK FOUR 500M,Silver,Germany,Germany,2024,Paris,Summer,FRG
Canoe Slalom,MEN’S KAYAK FOUR 500M,Silver,Australia,Australia,2024,Paris,Summer,ANZ
Field Hockey,MEN’S,Silver,Germany,Germany,2024,Paris,Summer,FRG
Marathon Swimming,WOMEN’S 10KM,Silver,Moesha Johnson,Australia,2024,Paris,Summer,ANZ
Sports Climbing,MEN’S SPEED,Silver,Wu Peng,China,2024,Paris,Summer,CHN
Diving,MEN’S 3M SPRINGBOARD,Silver,Wang Zongyuan,China,2024,Paris,Summer,CHN
Sailing,MIXED DINGHY,Silver,Keiju Okada and Miho Yoshioka,Japan,2024,Paris,Summer,JPN
Sailing,MIXED MULTIHULL,Silver,Mateo Majdalani and Eugenia Bosco,Argentina,2024,Paris,Summer,ARG
Sailing,WOMEN’S KITE,Silver,Lauriane Nolot,France,2024,Paris,Summer,FRA
Weightlifting,WOMEN’S 59KG,Silver,Maude Charron,Canada,2024,Paris,Summer,CAN
Wrestling,MEN’S GRECO-ROMAN 67KG,Silver,Parviz Nasibov,Ukraine,2024,Paris,Summer,UKR
Wrestling,MEN’S GRECO-ROMAN 87KG,Silver,Alireza Mohmadipiani,Iran,2024,Paris,Summer,IRI
Wrestling,WOMEN’S FREESTYLE 53KG,Silver,Lucia Yamileth Yepez Guzman,Ecuador,2024,Paris,Summer,ECU
Artistic Swimming,TEAM,Silver,United States,United States,2024,Paris,Summer,USA
Boxing,MEN’S 63.5KG,Silver,Sofiane Oumiha,France,2024,Paris,Summer,FRA
Boxing,MEN’S 80KG,Silver,Nurbek Oralbay,Kazakhstan,2024,Paris,Summer,KAZ
Climbing,WOMEN’S SPEED,Silver,Deng Lijuan,China,2024,Paris,Summer,CHN
Cycling,CYCLING MEN’S TEAM PURSUIT,Silver,"Daniel Bigham, Ethan Hayter, Charlie Tanfield, Ethan Vernon, Oliver Wood)",Great Britain,2024,Paris,Summer,GBR
Cycling,CYCLING WOMEN’S TEAM PURSUIT,Silver,"Bryony Botha, Emily Shearman, Nicole Shields, Ally Wollaston)",New Zealand,2024,Paris,Summer,NZL
Sailing,MEN’S DINGHY,Silver,Pavlos Kontides,Cyprus,2024,Paris,Summer,CYP
Sailing,WOMEN’S DINGHY,Silver,Anne-Marie Rindom,Denmark,2024,Paris,Summer,DEN
Skateboarding,MEN’S PARK,Silver,Tom Schaar,United States,2024,Paris,Summer,USA
Taekwondo,MEN 58KG,Silver,Gashim Magomedov,Azerbaijan,2024,Paris,Summer,AZE
Taekwondo,WOMEN’S 49KG,Silver,Guo Qing,China,2024,Paris,Summer,CHN
Track And Field,MEN’S 400M,Silver,Matthew Hudson-Smith,Great Britain,2024,Paris,Summer,GBR
Track And Field,"MEN’S 3,000M STEEPLECHASE",Silver,Kenneth Rooks,United States,2024,Paris,Summer,USA
Track And Field,MEN’S DISCUS THROW,Silver,Mykolas Alekna,Lithuania,2024,Paris,Summer,LTU
Track And Field,WOMEN’S POLE VAULT,Silver,Katie Moon,United States,2024,Paris,Summer,USA
Track And Field,MARATHON RACE WALK MIXED RELAY,Silver,Ecuador,Ecuador,2024,Paris,Summer,ECU
Weightlifting,MEN’S 61KG,Silver,Theerapong Silachai,Thailand,2024,Paris,Summer,THA
Weightlifting,WOMEN’S 49KG,Silver,Mihaela Valentina Cambei,Romania,2024,Paris,Summer,ROU
Wrestling,MEN’S GRECO-ROMAN 77KG,Silver,Demeu Zhadrayev,Kazakhstan,2024,Paris,Summer,KAZ
Wrestling,MEN’S GRECO-ROMAN 97KG,Silver,Artur Aleksanyan,Armenia,2024,Paris,Summer,ARM
Wrestling,WOMEN’S FREESTYLE 50KG,Silver,Yusneylis Guzman Lopez,Cuba,2024,Paris,Summer,CUB
Boxing,WOMEN’S 60KG,Silver,Yang Wenlu,China,2024,Paris,Summer,CHN
Cycling Track,MEN’S TEAM SPRINT,Silver,Britain,Great Britain,2024,Paris,Summer,GBR
Diving,WOMEN’S 10M PLATFORM,Silver,Chen Yuxi,China,2024,Paris,Summer,CHN
Equestrian,INDIVIDUAL JUMPING,Silver,Steve Guerdat,Switzerland,2024,Paris,Summer,SUI
Skateboarding,WOMEN’S PARK,Silver,Cocona Hiraki,Japan,2024,Paris,Summer,JPN
Track And Field,WOMEN’S 200M,Silver,Julien Alfred,Saint Lucia,2024,Paris,Summer,LCA
Track And Field,"WOMEN’S 3,000M STEEPLECHASE",Silver,Peruth Chemutai,Uganda,2024,Paris,Summer,UGA
Track And Field,WOMEN’S HAMMER THROW,Silver,Ennette Nneka Echikunwoke,United States,2024,Paris,Summer,USA
Track And Field,"MEN’S 1,500M",Silver,Josh Kerr,Great Britain,2024,Paris,Summer,GBR
Track And Field,MEN’S LONG JUMP,Silver,Wayne Pinnock,Jamaica,2024,Paris,Summer,JAM
Wrestling,MEN’S GRECO-ROMAN 130KG,Silver,Yasmani Acosta Fernandez,Chile,2024,Paris,Summer,CHI
Wrestling,MEN’S GRECO-ROMAN 60KG,Silver,Cao Liguo,China,2024,Paris,Summer,CHN
Wrestling,WOMEN’S FREESTYLE 68KG,Silver,Meerim Zhumanazarova,Kyrgyzstan,2024,Paris,Summer,KGZ
3X3 Basketball,MEN’S 3X3 BASKETBALL,Silver,France,France,2024,Paris,Summer,FRA
3X3 Basketball,WOMEN’S 3X3 BASKETBALL,Silver,Spain,Spain,2024,Paris,Summer,ESP
Badminton,MEN’S SINGLES,Silver,Kunlavut Vitidsarn,Thailand,2024,Paris,Summer,THA
Badminton,WOMEN’S SINGLES,Silver,He Bing Jiao,China,2024,Paris,Summer,CHN
Canoe Slalom,MEN’S KAYAK CROSS,Silver,Joseph Clarke,Great Britain,2024,Paris,Summer,GBR
Canoe Slalom,WOMEN’S KAYAK CROSS,Silver,Angele Hug,France,2024,Paris,Summer,FRA
Cycling Track,WOMEN’S TEAM SPRINT,Silver,New Zealand,New Zealand,2024,Paris,Summer,NZL
Gymnastics,MEN’S HORIZONTAL BAR,Silver,Angel Barajas,Colombia,2024,Paris,Summer,COL
Gymnastics,MEN’S PARALLEL BARS,Silver,Illia Kovtun,Ukraine,2024,Paris,Summer,UKR
Gymnastics,WOMEN’S BALANCE BEAM,Silver,Zhou Yaqin,China,2024,Paris,Summer,CHN
Gymnastics,WOMEN’S FLOOR EXERCISE,Silver,Simone Biles,United States,2024,Paris,Summer,USA
Shooting,MEN’S 25M RAPID FIRE PISTOL,Silver,Cho Yeong-jae,South Korea,2024,Paris,Summer,KOR
Shooting,MIXED TEAM SKEET,Silver,Austen Smith and Vincent Hancock,United States,2024,Paris,Summer,USA
Surfing,MEN,Silver,Jack Robinson,Australia,2024,Paris,Summer,ANZ
Surfing,WOMEN,Silver,Tatiana Weston-Webb,Brazil,2024,Paris,Summer,BRA
Track And Field,MEN’S POLE VAULT,Silver,Sam Kendricks,United States,2024,Paris,Summer,USA
Track And Field,WOMEN’S 800M,Silver,Tsige Duguma,Ethiopia,2024,Paris,Summer,ETH
Track And Field,WOMEN’S 5000M,Silver,Faith Kipyegon,Kenya,2024,Paris,Summer,KEN
Track And Field,WOMEN’S DISCUS THROW,Silver,Feng Bin,China,2024,Paris,Summer,CHN
Triathlon,MIXED RELAY,Silver,United States,United States,2024,Paris,Summer,USA
Archery,MEN’S INDIVIDUAL,Silver,Brady Ellison,United States,2024,Paris,Summer,USA
Artistic Gymnastics,MEN’S RINGS,Silver,Zou Jingyuan,China,2024,Paris,Summer,CHN
Artistic Gymnastics,MEN’S VAULT,Silver,Artur Davtyan,Armenia,2024,Paris,Summer,ARM
Artistic Gymnastics,WOMEN’S UNEVEN BARS,Silver,Qui Qiyuan,China,2024,Paris,Summer,CHN
Badminton,MEN’S DOUBLES,Silver,Liang Wei Keng and Wang Chang,China,2024,Paris,Summer,CHN
Cycling,WOMEN’S ROAD RACE,Silver,Marianne Vos,Netherlands,2024,Paris,Summer,NED
Equestrian,DRESSAGE INDIVIDUAL,Silver,Isabell Werth,Germany,2024,Paris,Summer,FRG
Fencing,MEN’S FOIL TEAM,Silver,Italy,Italy,2024,Paris,Summer,ITA
Golf,MEN’S INDIVIDUAL,Silver,Tommy Fleetwood,Great Britain,2024,Paris,Summer,GBR
Shooting,WOMEN’S SKEET,Silver,Amber Rutter,Great Britain,2024,Paris,Summer,GBR
Swimming,WOMEN’S 50M FREESTYLE,Silver,Meg Harris,Australia,2024,Paris,Summer,ANZ
Swimming,WOMEN’S 4x100M MEDLEY RELAY,Silver,Australia,Australia,2024,Paris,Summer,ANZ
Swimming,MEN’S 1500M FREESTYLE,Silver,Gregorio Paltrinieri,Italy,2024,Paris,Summer,ITA
Swimming,MEN’S 4x100M MEDLEY RELAY,Silver,United States,United States,2024,Paris,Summer,USA
Table Tennis,MEN’S SINGLES,Silver,Truls Moregard,Sweden,2024,Paris,Summer,SWE
Tennis,MEN’S SINGLES,Silver,Carlos Alcaraz,Spain,2024,Paris,Summer,ESP
Tennis,WOMEN’S DOUBLES,Silver,Mirra Andreeva and Diana Shnaider,Belarus,2024,Paris,Summer,BLR
Track And Field,MEN’S 100M,Silver,Kishane Thompson,Jamaica,2024,Paris,Summer,JAM
Track And Field,MEN’S HAMMER THROW,Silver,Bence Halasz,Hungary,2024,Paris,Summer,HUN
Track And Field,WOMEN’S HIGH JUMP,Silver,Nicola Olyslagers,Australia,2024,Paris,Summer,ANZ
Archery,WOMEN’S INDIVIDUAL,Silver,Nam Su-hyeon,South Korea,2024,Paris,Summer,KOR
Artistic Gymnastics,MEN’S FLOOR EXERCISE,Silver,Artem Dolgopyat,Israel,2024,Paris,Summer,ISR
Artistic Gymnastics,MEN’S POMMEL HORSE,Silver,Nariman Kurbanov,Kazakhstan,2024,Paris,Summer,KAZ
Artistic Gymnastics,WOMEN’S VAULT,Silver,Rebeca Andrade,Brazil,2024,Paris,Summer,BRA
Badminton,WOMEN’S DOUBLES,Silver,Liu Shengshu and Tan Ning,China,2024,Paris,Summer,CHN
Cycling,MEN’S ROAD RACE,Silver,Valentin Madouas,France,2024,Paris,Summer,FRA
Equestrian,DRESSAGE TEAM,Silver,Denmark,Denmark,2024,Paris,Summer,DEN
Fencing,WOMEN’S TEAM SABER,Silver,South Korea,South Korea,2024,Paris,Summer,KOR
Judo,MIXED TEAM,Silver,Japan,Japan,2024,Paris,Summer,JPN
Rowing,MEN’S EIGHT,Silver,Netherlands,Netherlands,2024,Paris,Summer,NED
Rowing,WOMEN’S EIGHT,Silver,Canada,Canada,2024,Paris,Summer,CAN
Rowing,MEN’S SINGLE SCULLS,Silver,Yauheni Zalaty,Belarus,2024,Paris,Summer,BLR
Rowing,WOMEN’S SINGLE SCULLS,Silver,Emma Twigg,New Zealand,2024,Paris,Summer,NZL
Sailing,MEN’S WINDSURFING,Silver,Grae Morris,Australia,2024,Paris,Summer,ANZ
Sailing,WOMEN’S WINDSURFING,Silver,Sharon Kantor,Israel,2024,Paris,Summer,ISR
Shooting,WOMEN’S 25M PISTOL,Silver,Camille Jedrzejewski,France,2024,Paris,Summer,FRA
Shooting,MEN’S SKEET,Silver,Conner Lynn Prince,United States,2024,Paris,Summer,USA
Swimming,MEN’S 100M BUTTERFLY,Silver,Josh Liendo,Canada,2024,Paris,Summer,CAN
Swimming,MIXED 4X100 MEDLEY RELAY,Silver,China,China,2024,Paris,Summer,CHN
Swimming,WOMEN’S 200M INDIVIDUAL MEDLEY,Silver,Kate Douglass,United States,2024,Paris,Summer,USA
Swimming,WOMEN’S 800M FREESTYLE,Silver,Ariarne Titmus,Australia,2024,Paris,Summer,ANZ
Table Tennis,WOMEN’S SINGLES,Silver,Sun Yingsha,China,2024,Paris,Summer,CHN
Tennis,MEN’S DOUBLES,Silver,Austin Krajicek and Rajeev Ram,United States,2024,Paris,Summer,USA
Tennis,WOMEN’S SINGLES,Silver,Donna Vekic,Croatia,2024,Paris,Summer,CRO
Track And Field,MEN’S SHOTPUT,Silver,Joe Kovacs,United States,2024,Paris,Summer,USA
Track And Field,MIXED 4X400M RELAY,Silver,United States,United States,2024,Paris,Summer,USA
Track And Field,WOMEN’S 100M,Silver,Sha’Carri Richardson,United States,2024,Paris,Summer,USA
Track And Field,WOMEN’S TRIPLE JUMP,Silver,Shanieka Ricketts,Jamaica,2024,Paris,Summer,JAM
Archery,MIXED TEAM,Silver,Michelle Kroppen and Florian Unruh,Germany,2024,Paris,Summer,FRG
Badminton,MIXED DOUBLES,Silver,Kim Won-ho and Jeong Na-eun,South Korea,2024,Paris,Summer,KOR
Diving,MEN’S SYNCHRONIZED 3M SPRINGBOARD,Silver,Juan Celaya and Osmar Olvera,Mexico,2024,Paris,Summer,MEX
Cycling Bmx Racing,MEN’S,Silver,Sylvain Andre,France,2024,Paris,Summer,FRA
Cycling Bmx Racing,WOMEN’S,Silver,Manon Veenstra,Netherlands,2024,Paris,Summer,NED
Equestrian,TEAM JUMPING,Silver,United States,United States,2024,Paris,Summer,USA
Fencing,MEN’S TEAM ÉPÉE,Silver,Japan,Japan,2024,Paris,Summer,JPN
Judo,MEN’S +100KG,Silver,Kim Min-jong,South Korea,2024,Paris,Summer,KOR
Judo,WOMEN’S +78KG,Silver,Raz Hershko,Israel,2024,Paris,Summer,ISR
Rowing,MEN’S PAIR,Silver,Tom George and Oliver Wynne-Griffith,Great Britain,2024,Paris,Summer,GBR
Rowing,MEN’S LIGHTWEIGHT DOUBLE SCULLS,Silver,Stefano Oppo and Gabriel Soares,Italy,2024,Paris,Summer,ITA
Rowing,WOMEN’S PAIR,Silver,Roxana Anghel and Ioana Vrinceanu,Romania,2024,Paris,Summer,ROU
Rowing,WOMEN’S LIGHTWEIGHT DOUBLE SCULLS,Silver,Ionela Cozmiuc and Gianina van Groningen,Romania,2024,Paris,Summer,ROU
Sailing,MEN’S SKIFF,Silver,Isaac McHardie and William McKenzie,New Zealand,2024,Paris,Summer,NZL
Sailing,WOMEN’S SKIFF,Silver,Vilma Bobeck and Rebecca Netzler,Sweden,2024,Paris,Summer,SWE
Shooting,WOMEN’S 50M RIFLE 3 POSITIONS,Silver,Sagen Maddalena,United States,2024,Paris,Summer,USA
Swimming,MEN’S 200M INDIVIDUAL MEDLEY,Silver,Duncan Scott,Great Britain,2024,Paris,Summer,GBR
Swimming,MEN’S 50M FREESTYLE,Silver,Benjamin Proud,Great Britain,2024,Paris,Summer,GBR
Swimming,WOMEN’S 200 BACKSTROKE,Silver,Regan Smith,United States,2024,Paris,Summer,USA
Tennis,MIXED DOUBLES,Silver,Wang Xinyu and Zhang Zhizhen,China,2024,Paris,Summer,CHN
Track And Field,"MEN’S 10,000M",Silver,Berihu Aregawi,Ethiopia,2024,Paris,Summer,ETH
Trampoline,MEN’S ,Silver,Wang Zisai,China,2024,Paris,Summer,CHN
Trampoline,WOMEN’S,Silver,Viyaleta Bardzilouskaya,Belarus,2024,Paris,Summer,BLR
Canoe Slalom,MEN’S SINGLE KAYAK,Silver,Titouan Castryck,France,2024,Paris,Summer,FRA
Fencing,WOMEN’S TEAM FOIL,Silver,Italy,Italy,2024,Paris,Summer,ITA
Gymnastics,WOMEN’S ALL-AROUND,Silver,Rebeca Andrade,Brazil,2024,Paris,Summer,BRA
Judo,MEN’S -100KG,Silver,Ilia Sulamanidze,Georgia,2024,Paris,Summer,GEO
Judo,WOMEN’S -78KG,Silver,Inbar Lanir,Israel,2024,Paris,Summer,ISR
Rowing,MEN’S DOUBLE SCULLS,Silver,Stef Broenink and Melvin Twellaar,Netherlands,2024,Paris,Summer,NED
Rowing,WOMEN’S DOUBLE SCULLS,Silver,Ancuta Bodnar and Simona Radis,Romania,2024,Paris,Summer,ROU
Rowing,MEN’S FOUR,Silver,New Zealand,New Zealand,2024,Paris,Summer,NZL
Rowing,WOMEN’S FOUR,Silver,Britain,Great Britain,2024,Paris,Summer,GBR
Shooting,MEN’S 50M RIFLE 3 POSITIONS,Silver,Serhiy Kulish,Ukraine,2024,Paris,Summer,UKR
Swimming,MEN’S 200M BACKSTROKE,Silver,Apostolos Christou,Greece,2024,Paris,Summer,CRT
Swimming,WOMEN’S 200M BUTTERFLY,Silver,Regan Smith,United States,2024,Paris,Summer,USA
Swimming,WOMEN’S 200M BREASTSTROKE,Silver,Tatjana Smith,South Africa,2024,Paris,Summer,RSA
Swimming,WOMENS 4X200 FREESTYLE RELAY,Silver,United States,United States,2024,Paris,Summer,USA
Track And Field,MEN’S 20KM RACE WALK,Silver,Caio Bonfim,Brazil,2024,Paris,Summer,BRA
Track And Field,WOMEN’S 20KM RACE WALK,Silver,María Pérez,Spain,2024,Paris,Summer,ESP
Gymnastics,MEN’S ALL AROUND,Silver,Zhang Boheng,China,2024,Paris,Summer,CHN
Canoe,WOMEN’S SINGLE,Silver,Elena Lilik,Germany,2024,Paris,Summer,FRG
Cycling,WOMEN’S PARK,Silver,Perris Benegas,United States,2024,Paris,Summer,USA
Cycling,MEN’S PARK,Silver,Kieran Darren David Reilly,Great Britain,2024,Paris,Summer,GBR
Diving,WOMEN’S SYNCHRONIZED 10-METER PLATFORM,Silver,Jo Jin Mi and Kim Mi Rae,North Korea,2024,Paris,Summer,PRK
Fencing,MEN’S SABRE TEAM,Silver,Hungary,Hungary,2024,Paris,Summer,HUN
Judo,WOMEN’S 70KG,Silver,Miriam Butkereit,Germany,2024,Paris,Summer,FRG
Judo,MEN’S 90KG,Silver,Sanshiro Murao,Japan,2024,Paris,Summer,JPN
Rowing,MEN’S QUADRUPLE SCULLS,Silver,"Luca Chiumento, Luca Rambaldi, Andrea Panizza, Giacomo Gentili)",Italy,2024,Paris,Summer,ITA
Rowing,WOMEN’S QUADRUPLE SCULLS,Silver,"Laila Youssifou, Bente Paulis, Roos de Jong, Tessa Dullemans)",Netherlands,2024,Paris,Summer,NED
Swimming,WOMEN’S 100M FREESTYLE,Silver,Torri Huske,United States,2024,Paris,Summer,USA
Swimming,"WOMEN’S 1,500M FREESTYLE",Silver,Anastasiia Kirpichnikova,France,2024,Paris,Summer,FRA
Swimming,MEN’S 100M FREESTYLE,Silver,Kyle Chalmers,Australia,2024,Paris,Summer,ANZ
Swimming,MEN’S 200M BREASTSTROKE,Silver,Zac Stubblety-Cook,Australia,2024,Paris,Summer,ANZ
Swimming,MEN’S 200M BUTTERFLY,Silver,Kristof Milak,Hungary,2024,Paris,Summer,HUN
Shooting,WOMEN’S TRAP,Silver,Silvana Maria Stanco,Italy,2024,Paris,Summer,ITA
Triathlon,WOMEN,Silver,Julie Derron,Switzerland,2024,Paris,Summer,SUI
Triathlon,MEN,Silver,Hayden Wilde,New Zealand,2024,Paris,Summer,NZL
Fencing,WOMEN’S EPEE TEAM,Silver,France,France,2024,Paris,Summer,FRA
Gymnastics,WOMEN’S TEAM,Silver,Italy,Italy,2024,Paris,Summer,ITA
Judo,WOMEN’S 63KG,Silver,Prisca Awiti Alcaraz,Mexico,2024,Paris,Summer,MEX
Judo,MEN’S 81KG,Silver,Tato Grigalashvili,Georgia,2024,Paris,Summer,GEO
Rugby Sevens,WOMEN’S,Silver,Canada,Canada,2024,Paris,Summer,CAN
Shooting,MIXED TEAM 10M AIR PISTOL,Silver,Sevval Ilayda Tarhan and Yusef Dikec,Turkey,2024,Paris,Summer,TUR
Shooting,MEN’S TRAP,Silver,Qi Ying,China,2024,Paris,Summer,CHN
Swimming,WOMEN’S 100M BACKSTROKE,Silver,Regan Smith,United States,2024,Paris,Summer,USA
Swimming,MEN’S 800M FREESTYLE,Silver,Bobby Finke,United States,2024,Paris,Summer,USA
Swimming,MEN’S 4X200M FREESTYLE RELAY,Silver,United States,United States,2024,Paris,Summer,USA
Table Tennis,MEN’S 4x200M FREESTYLE RELAY,Silver,Ri Jong-sik and Kim Kum-yong,North Korea,2024,Paris,Summer,PRK
Archery,MIXED DOUBLES,Silver,France,France,2024,Paris,Summer,FRA
Artistic Gymnastics,MEN’S TEAM,Silver,China,China,2024,Paris,Summer,CHN
Canoe Slalom,MEN’S TEAM,Silver,Adam Burgess,Great Britain,2024,Paris,Summer,GBR
Cycling Mountain Bike,MEN’S CANOE SINGLE,Silver,Victor Koretzky,France,2024,Paris,Summer,FRA
Diving,MEN’S CROSS-COUNTRY,Silver,Tom Daley and Noah Williams,Great Britain,2024,Paris,Summer,GBR
Equestrian,MEN’S SYNCHRONIZED 10M PLATFORM,Silver,France,France,2024,Paris,Summer,FRA
Fencing,EVENTING TEAM,Silver,Sara Balzer,France,2024,Paris,Summer,FRA
Fencing,MEN’S FOIL INDIVIDUAL,Silver,Filippo Macchi,Italy,2024,Paris,Summer,ITA
Judo,WOMEN’S SABER INDIVIDUAL,Silver,Mimi Huh,South Korea,2024,Paris,Summer,KOR
Judo,MEN’S 73KG,Silver,Joan-Benjamin Gaba,France,2024,Paris,Summer,FRA
Shooting,WOMEN’S 57KG,Silver,Huang Yuting,China,2024,Paris,Summer,CHN
Shooting,MEN’S 10M AIR RIFLE,Silver,Victor Lindgren,Sweden,2024,Paris,Summer,SWE
Skateboarding,WOMEN’S 10M AIR RIFLE,Silver,Jagger Eaton,United States,2024,Paris,Summer,USA
Swimming,WOMEN’S 100M BREASTSTROKE,Silver,Tang Qianting,China,2024,Paris,Summer,CHN
Swimming,WOMEN’S 200M FREESTYLE,Silver,Ariarne Titmus,Australia,2024,Paris,Summer,ANZ
Swimming,WOMEN’S 400M INDIVIDUAL MEDLEY,Silver,Katie Grimes,United States,2024,Paris,Summer,USA
Swimming,MEN’S 100M BACKSTROKE,Silver,Xu Jiayu,China,2024,Paris,Summer,CHN
Swimming,MEN’S 200M FREESTYLE,Silver,Matthew Richards,Great Britain,2024,Paris,Summer,GBR
Archery,WOMEN’S TEAM,Silver,China,China,2024,Paris,Summer,CHN
Canoe Slalom,WOMEN’S KAYAK SINGLE,Silver,Klaudia Zwolinska,Poland,2024,Paris,Summer,POL
Cycling Mountain Bike,WOMEN’S CROSS-COUNTRY,Silver,Haley Batten,United States,2024,Paris,Summer,USA
Fencing,WOMEN’S FOIL INDIVIDUAL,Silver,Lauren Scruggs,United States,2024,Paris,Summer,USA
Judo,WOMEN’S 52KG,Silver,Distria Krasniqi,Kosovo,2024,Paris,Summer,KOS
Judo,MEN’S 66KG,Silver,Willian Lima,Brazil,2024,Paris,Summer,BRA
Shooting,MEN’S 10M AIR PISTOL,Silver,Federico Nilo Maldini,Italy,2024,Paris,Summer,ITA
Swimming,MEN’S 400M INDIVIDUAL MEDLEY,Silver,Tomoyuki Matsushita,Japan,2024,Paris,Summer,JPN
Swimming,WOMEN’S 100M BUTTERFLY,Silver,Gretchen Walsh,United States,2024,Paris,Summer,USA
Shooting,WOMEN’S 10M AIR PISTOL,Silver,Kim Ye-ji,South Korea,2024,Paris,Summer,KOR
Skateboarding,WOMEN’S STREET,Silver,Liz Akama,Japan,2024,Paris,Summer,JPN
Cycling,MEN’S INDIVIDUAL TIME TRIAL,Silver,Filippo Ganna,Italy,2024,Paris,Summer,ITA
Cycling,WOMEN’S INDIVIDUAL TIME TRIAL,Silver,Anna Henderson,Great Britain,2024,Paris,Summer,GBR
Diving,WOMEN’S SYNCHRONIZED 3M SPRINGBOARD,Silver,Sarah Bacon and Kassidy Cook,United States,2024,Paris,Summer,USA
Fencing,WOMEN’S EPEE INDIVIDUAL,Silver,Auriane Mallo-Breton,France,2024,Paris,Summer,FRA
Fencing,MEN’S SABER INDIVIDUAL,Silver,Fares Ferjani,Tunisia,2024,Paris,Summer,TUN
Judo,WOMEN 48KG,Silver,Baasankhuu Bavuudori,Mongolia,2024,Paris,Summer,MGL
Judo,MEN 60KG,Silver,Luka Mkheidze,France,2024,Paris,Summer,FRA
Rugby Sevens,MEN’S,Silver,Fiji,Fiji,2024,Paris,Summer,FIJ
Shooting,10M AIR RIFLE MIXED TEAM,Silver,Keum Ji-hyeon and Park Ha-jun,South Korea,2024,Paris,Summer,KOR
Swimming,MEN’S 400M FREESTYLE,Silver,Elijah Winnington,Australia,2024,Paris,Summer,ANZ
Swimming,MEN’S 4X100M FREESTYLE RELAY,Silver,Australia,Australia,2024,Paris,Summer,ANZ
Swimming,WOMEN’S 400M FREESTYLE,Silver,Summer McIntosh,Canada,2024,Paris,Summer,CAN
Swimming,WOMEN’S 4X100M FREESTYLE RELAY,Silver,United States,United States,2024,Paris,Summer,USA
Athletics,WOMEN’S MARATHON,Bronze,Hellen Obiri,Kenya,2024,Paris,Summer,KEN
Basketball,WOMEN’S,Bronze,Australia,Australia,2024,Paris,Summer,ANZ
Cycling Track,MEN’S KEIRIN,Bronze,Matthew Glaetzer,Australia,2024,Paris,Summer,ANZ
Cycling Track,WOMEN’S SPRING,Bronze,Emma Finucane),Great Britain,2024,Paris,Summer,GBR
Cycling Track,WOMEN’S OMNIUM,Bronze,Ally Wollaston,New Zealand,2024,Paris,Summer,NZL
Handball,MEN’S,Bronze,Spain,Spain,2024,Paris,Summer,ESP
Modern Pentathlon,WOMEN’S INDIVIDUAL,Bronze,Seungmin Seong,South Korea,2024,Paris,Summer,KOR
Volleyball,WOMEN’S,Bronze,Brazil,Brazil,2024,Paris,Summer,BRA
Water Polo,MEN’S,Bronze,United States,United States,2024,Paris,Summer,USA
Weightlifting,WOMEN’S +81KG,Bronze,Emily Campbell),Great Britain,2024,Paris,Summer,GBR
Wrestling,WOMEN’S FREESTYLE 76KG,Bronze,Tatiana Rentereia and Cuba,Colombia,2024,Paris,Summer,COL
Wrestling,MEN’S FREESTYLE 65KG,Bronze,Islam Dudaev and Puerto Rico,Albania,2024,Paris,Summer,ALB
Wrestling,MEN’S FREESTYLE 97KG,Bronze,Magomedkhan Magomedov and Iran,Azerbaijan,2024,Paris,Summer,AZE
Artistic Swimming,DUET,Bronze,Bregje de Brouwer and Noortje de Brouwer,Netherlands,2024,Paris,Summer,NED
Basketball,MEN,Bronze,Serbia,Serbia,2024,Paris,Summer,SCG
Beach Volleyball,MEN,Bronze,Anders Mol and Christian Sorum,Norway,2024,Paris,Summer,NOR
Breaking,B-BOYS,Bronze,Victor (Victor Montalvo),United States,2024,Paris,Summer,USA
Canoe Sprint,MEN’S 1000M SINGLE KAYAK,Bronze,Balint Kopasz,Hungary,2024,Paris,Summer,HUN
Canoe Sprint,WOMEN’S 500M SINGLE KAYAK,Bronze,Emma Jørgensen,Denmark,2024,Paris,Summer,DEN
Canoe Sprint,WOMEN’S 200M SINGLE KAYAK,Bronze,Yarisleidis Cirilo,Cuba,2024,Paris,Summer,CUB
Cycling Track,MEN’S MADISON,Bronze,Niklas Larsen and Michael Mørkøv,Denmark,2024,Paris,Summer,DEN
Diving,MEN’S 10M PLATFORM,Bronze,Noah Williams,Great Britain,2024,Paris,Summer,GBR
Golf,WOMEN’S INDIVIDUAL,Bronze,Lin Xiyu,China,2024,Paris,Summer,CHN
Handball,WOMEN,Bronze,Denmark,Denmark,2024,Paris,Summer,DEN
Modern Pentathlon,MEN’S,Bronze,Giorgio Malan,Italy,2024,Paris,Summer,ITA
Rhythmic Gymnastics,GROUP ALL-AROUND,Bronze,Italy,Italy,2024,Paris,Summer,ITA
Soccer,WOMEN’S,Bronze,Germany,Germany,2024,Paris,Summer,FRG
Sport Climbing,WOMEN’S BOULDER & LEAD,Bronze,Jessica Pilz,Austria,2024,Paris,Summer,AUT
Table Tennis,WOMEN’S TEAM,Bronze,South Korea,South Korea,2024,Paris,Summer,KOR
Track And Field,MEN’S MARATHON,Bronze,Benson Kipruto,Kenya,2024,Paris,Summer,KEN
Track And Field,MEN’S 800M,Bronze,Djamel Sedjati,Algeria,2024,Paris,Summer,ALG
Track And Field,MEN’S 5000M,Bronze,Grant Fisher,United States,2024,Paris,Summer,USA
Track And Field,MEN’S HIGH JUMP,Bronze,Mutaz Barshim,Qatar,2024,Paris,Summer,QAT
Track And Field,MEN’S 4X400M RELAY,Bronze,Britain,Great Britain,2024,Paris,Summer,GBR
Track And Field,WOMEN’S 4X400M RELAY,Bronze,Britain,Great Britain,2024,Paris,Summer,GBR
Track And Field,WOMEN’S 1500M,Bronze,Georgia Bell,Great Britain,2024,Paris,Summer,GBR
Track And Field,WOMEN’S JAVELIN THROW,Bronze,Nikola Ogrodnikova,Czech Republic,2024,Paris,Summer,BOH
Track And Field,WOMEN’S 100M HURDLES,Bronze,Jasmine Camacho-Quinn,Puerto Rico,2024,Paris,Summer,PUR
Volleyball,MEN’S TEAM,Bronze,United States,United States,2024,Paris,Summer,USA
Water Polo,WOMEN’S,Bronze,Netherlands,Netherlands,2024,Paris,Summer,NED
Weightlifting,MEN’S 102KG,Bronze,Yauheni Tsikhantsou,Belarus,2024,Paris,Summer,BLR
Weightlifting,MEN’S 102KG,Bronze,Gor Minasyan,Bahrain,2024,Paris,Summer,BRN
Weightlifting,WOMEN’S 81KG,Bronze,Neisi Dajomes,Ecuador,2024,Paris,Summer,ECU
Track And Field,MEN’S 400M HURDLES,Bronze,Alison dos Santos,Brazil,2024,Paris,Summer,BRA
Track And Field,MEN’S TRIPLE JUMP,Bronze,Andy Diaz Hernandez,Italy,2024,Paris,Summer,ITA
Track And Field,MEN’S 4X100M RELAY,Bronze,Britain,Great Britain,2024,Paris,Summer,GBR
Track And Field,WOMEN’S 4X100M RELAY,Bronze,Germany,Germany,2024,Paris,Summer,FRG
Track And Field,WOMEN’S SHUT PUT,Bronze,Song Jiayuan,China,2024,Paris,Summer,CHN
Track And Field,"WOMEN’S 10,000M",Bronze,Sifan Hassan,Netherlands,2024,Paris,Summer,NED
Track And Field,WOMEN’S 400M,Bronze,Natalia Kaczmarek,Poland,2024,Paris,Summer,POL
Track And Field,WOMEN’S 4X100M RELAY,Bronze,Germany,Germany,2024,Paris,Summer,FRG
Beach Volleyball,WOMEN’S,Bronze,Switzerland,Switzerland,2024,Paris,Summer,SUI
Breaking,B-GIRLS,Bronze,671 (Liu Qingyi),China,2024,Paris,Summer,CHN
Canoe Sprint,MEN’S KAYAK DOUBLE 500M,Bronze,Tom Green and Jean van der Westhuyzen,Australia,2024,Paris,Summer,ANZ
Canoe Sprint,MEN’S CANOE SINGLE 1000M,Bronze,Serghei Tarnovschi,Moldova,2024,Paris,Summer,MDA
Canoe Sprint,WOMEN’S KAYAK DOUBLE 500M,Bronze,Jule Marie Hake and Paulina Paszek,Germany,2024,Paris,Summer,FRG
Canoe Sprint,WOMEN’S CANOE DOUBLE 500M,Bronze,Sloan MacKenzie and Katie Vincent,Canada,2024,Paris,Summer,CAN
Cycling Track,MEN’S SPRINT,Bronze,Jack Carlin,Great Britain,2024,Paris,Summer,GBR
Cycling Track,WOMEN’S MADISON,Bronze,Lisa van Belle and Maike van der Duin,Netherlands,2024,Paris,Summer,NED
Diving,WOMEN’S 3M SPRINGBOARD,Bronze,Chang Yani,China,2024,Paris,Summer,CHN
Field Hockey,WOMEN’S,Bronze,Argentina,Argentina,2024,Paris,Summer,ARG
Marathon Swimming,MEN’S 10KM,Bronze,David Betlehem,Hungary,2024,Paris,Summer,HUN
Rhythmic Gymnastics,INDIVIDUAL ALL-AROUND,Bronze,Sofia Raffaeli,Italy,2024,Paris,Summer,ITA
Sailing,MEN’S KITE,Bronze,Max Maeder,Singapore,2024,Paris,Summer,SIN
Soccer,MEN,Bronze,Morocco,Morocco,2024,Paris,Summer,MAR
Sport Climbing,MEN’S BOULDER & LEAD,Bronze,Jacob Schubert,Austria,2024,Paris,Summer,AUT
Table Tennis,MEN’S TEAM,Bronze,France,France,2024,Paris,Summer,FRA
Weightlifting,WOMEN’S 71KG,Bronze,Angie Dajomes,Ecuador,2024,Paris,Summer,ECU
Weightlifting,MEN’S 89KG,Bronze,Antonino Pizzolato,Italy,2024,Paris,Summer,ITA
Wrestling,WOMEN’S FREESTYLE 57KG,Bronze,Helen Maroulis,United States,2024,Paris,Summer,USA
Track And Field,MEN’S 200M,Bronze,Noah Lyles,United States,2024,Paris,Summer,USA
Track And Field,MEN’S 110M HURDLES,Bronze,Rasheed Broadbell,Jamaica,2024,Paris,Summer,JAM
Track And Field,MEN’S JAVELIN THROW,Bronze,Anderson Peters,Grenada,2024,Paris,Summer,GRN
Track And Field,WOMEN’S 400M HURDLES,Bronze,Femke Bol,Netherlands,2024,Paris,Summer,NED
Track And Field,WOMEN’S LONG JUMP,Bronze,Jasmine Moore,United States,2024,Paris,Summer,USA
Cycling,MEN’S OMNIUM,Bronze,Fabio van den Bossche,Belgium,2024,Paris,Summer,BEL
Cycling,WOMEN’S KEIRIN,Bronze,Emma Finucane,Great Britain,2024,Paris,Summer,GBR
Canoe Slalom,MEN’S CANOE DOUBLE 500M,Bronze,Joan Antoni Moreno and Diego Dominguez,Spain,2024,Paris,Summer,ESP
Canoe Slalom,WOMEN’S KAYAK FOUR 500M,Bronze,Hungary,Hungary,2024,Paris,Summer,HUN
Canoe Slalom,MEN’S KAYAK FOUR 500M,Bronze,Spain,Spain,2024,Paris,Summer,ESP
Field Hockey,MEN’S,Bronze,India,India,2024,Paris,Summer,IND
Marathon Swimming,WOMEN’S 10KM,Bronze,Ginevra Taddeucci,Italy,2024,Paris,Summer,ITA
Sports Climbing,MEN’S SPEED,Bronze,Sam Watson,United States,2024,Paris,Summer,USA
Diving,MEN’S 3M SPRINGBOARD,Bronze,Osmar Olvera Ibarra,Mexico,2024,Paris,Summer,MEX
Sailing,MIXED DINGHY,Bronze,Anton Dahlberg and Lovisa Karlsson,Sweden,2024,Paris,Summer,SWE
Sailing,MIXED MULTIHULL,Bronze,Micah Wilkinson and Erica Dawson,New Zealand,2024,Paris,Summer,NZL
Sailing,WOMEN’S KITE,Bronze,Annelous Lammerts,Netherlands,2024,Paris,Summer,NED
Weightlifting,WOMEN’S 59KG,Bronze,Kuo Hsing-chun,Taiwan,2024,Paris,Summer,TPE
Wrestling,MEN’S GRECO-ROMAN 67KG,Bronze,Hasrat Jafarov,Azerbaijan,2024,Paris,Summer,AZE
Wrestling,MEN’S GRECO-ROMAN 87KG,Bronze,Zhan Beleniuk,Ukraine,2024,Paris,Summer,UKR
Wrestling,WOMEN’S FREESTYLE 53KG,Bronze,Choe Hyo Gyong,North Korea,2024,Paris,Summer,PRK
Artistic Swimming,TEAM,Bronze,Spain,Spain,2024,Paris,Summer,ESP
Boxing,MEN’S 63.5KG,Bronze,No medal awarded,No medal awarded,2024,Paris,Summer,
Boxing,MEN’S 80KG,Bronze,No medal awarded,No medal awarded,2024,Paris,Summer,
Climbing,WOMEN’S SPEED,Bronze,Aleksandra Kalucka,Poland,2024,Paris,Summer,POL
Cycling,CYCLING MEN’S TEAM PURSUIT,Bronze,"Simone Consonni, Filippo Ganna, Francesco Lamon, Jonathan Milan)",Italy,2024,Paris,Summer,ITA
Cycling,CYCLING WOMEN’S TEAM PURSUIT,Bronze,"Elinor Barker, Josie Knight, Anna Morris, Jessica Roberts)",Great Britain,2024,Paris,Summer,GBR
Sailing,MEN’S DINGHY,Bronze,Stefano Peschiera,Peru,2024,Paris,Summer,PER
Sailing,WOMEN’S DINGHY,Bronze,Line Flem Hoest,Norway,2024,Paris,Summer,NOR
Skateboarding,MEN’S PARK,Bronze,Augusto Akio,Brazil,2024,Paris,Summer,BRA
Taekwondo,MEN 58KG,Bronze,Cyrian Ravet,France,2024,Paris,Summer,FRA
Taekwondo,WOMEN’S 49KG,Bronze,Lena Stojkovic,Croatia,2024,Paris,Summer,CRO
Track And Field,MEN’S 400M,Bronze,Muzala Samukonga,Zambia,2024,Paris,Summer,ZAM
Track And Field,"MEN’S 3,000M STEEPLECHASE",Bronze,Abraham Kibiwot,Kenya,2024,Paris,Summer,KEN
Track And Field,MEN’S DISCUS THROW,Bronze,Matthew Denny,Australia,2024,Paris,Summer,ANZ
Track And Field,WOMEN’S POLE VAULT,Bronze,Alysha Newman,Canada,2024,Paris,Summer,CAN
Track And Field,MARATHON RACE WALK MIXED RELAY,Bronze,Australia,Australia,2024,Paris,Summer,ANZ
Weightlifting,MEN’S 61KG,Bronze,Hampton Morris,United States,2024,Paris,Summer,USA
Weightlifting,WOMEN’S 49KG,Bronze,Surodchana Khambao,Thailand,2024,Paris,Summer,THA
Wrestling,MEN’S GRECO-ROMAN 77KG,Bronze,Malkhas Amoyan,Armenia,2024,Paris,Summer,ARM
Wrestling,MEN’S GRECO-ROMAN 97KG,Bronze,Gabriel Alejandro Rosillo Kindelan,Cuba,2024,Paris,Summer,CUB
Wrestling,WOMEN’S FREESTYLE 50KG,Bronze,Yui Susaki,Japan,2024,Paris,Summer,JPN
Boxing,WOMEN’S 60KG,Bronze,Beatriz Iasmin Soares Ferreira,Brazil,2024,Paris,Summer,BRA
Cycling Track,MEN’S TEAM SPRINT,Bronze,Australia,Australia,2024,Paris,Summer,ANZ
Diving,WOMEN’S 10M PLATFORM,Bronze,Kim Mi Rae,North Korea,2024,Paris,Summer,PRK
Equestrian,INDIVIDUAL JUMPING,Bronze,Maikel van der Vleuten,Netherlands,2024,Paris,Summer,NED
Skateboarding,WOMEN’S PARK,Bronze,Sky Brown,Great Britain,2024,Paris,Summer,GBR
Track And Field,WOMEN’S 200M,Bronze,Brittany Brown,United States,2024,Paris,Summer,USA
Track And Field,"WOMEN’S 3,000M STEEPLECHASE",Bronze,Faith Cherotich,Kenya,2024,Paris,Summer,KEN
Track And Field,WOMEN’S HAMMER THROW,Bronze,Zhao Jie,China,2024,Paris,Summer,CHN
Track And Field,"MEN’S 1,500M",Bronze,Yared Nuguse,United States,2024,Paris,Summer,USA
Track And Field,MEN’S LONG JUMP,Bronze,Mattia Furlani,Italy,2024,Paris,Summer,ITA
Wrestling,MEN’S GRECO-ROMAN 130KG,Bronze,Lingzhe Meng,China,2024,Paris,Summer,CHN
Wrestling,MEN’S GRECO-ROMAN 60KG,Bronze,Ri Se Ung,North Korea,2024,Paris,Summer,PRK
Wrestling,WOMEN’S FREESTYLE 68KG,Bronze,Buse Cavusoglu Tosun,Turkey,2024,Paris,Summer,TUR
3X3 Basketball,MEN’S 3X3 BASKETBALL,Bronze,Lithuania,Lithuania,2024,Paris,Summer,LTU
3X3 Basketball,WOMEN’S 3X3 BASKETBALL,Bronze,United States,United States,2024,Paris,Summer,USA
Badminton,MEN’S SINGLES,Bronze,Lee Zii Jia,Malaysia,2024,Paris,Summer,MAL
Badminton,WOMEN’S SINGLES,Bronze,Gregoria Mariska Tunjung,Indonesia,2024,Paris,Summer,INA
Canoe Slalom,MEN’S KAYAK CROSS,Bronze,Noah Hegge,Germany,2024,Paris,Summer,FRG
Canoe Slalom,WOMEN’S KAYAK CROSS,Bronze,Kimberley Woods,Great Britain,2024,Paris,Summer,GBR
Cycling Track,WOMEN’S TEAM SPRINT,Bronze,Germany,Germany,2024,Paris,Summer,FRG
Gymnastics,MEN’S PARALLEL BARS,Bronze,Shinnosuke Oka,Japan,2024,Paris,Summer,JPN
Gymnastics,WOMEN’S BALANCE BEAM,Bronze,Manila Esposito,Italy,2024,Paris,Summer,ITA
Gymnastics,WOMEN’S FLOOR EXERCISE,Bronze,Ana Barbosu,Romania,2024,Paris,Summer,ROU
Shooting,MEN’S 25M RAPID FIRE PISTOL,Bronze,Wang Xinjie,China,2024,Paris,Summer,CHN
Shooting,MIXED TEAM SKEET,Bronze,Jiang Yiting and Lyu Jianlin,China,2024,Paris,Summer,CHN
Surfing,MEN,Bronze,Gabriel Medina,Brazil,2024,Paris,Summer,BRA
Surfing,WOMEN,Bronze,Johanne Defay,France,2024,Paris,Summer,FRA
Track And Field,MEN’S POLE VAULT,Bronze,Emmanouil Karalis,Greece,2024,Paris,Summer,CRT
Track And Field,WOMEN’S 800M,Bronze,Mary Moraa,Kenya,2024,Paris,Summer,KEN
Track And Field,WOMEN’S 5000M,Bronze,Sifan Hassan,Netherlands,2024,Paris,Summer,NED
Track And Field,WOMEN’S DISCUS THROW,Bronze,Sandra Elkasevic,Croatia,2024,Paris,Summer,CRO
Triathlon,MIXED RELAY,Bronze,Britain,Great Britain,2024,Paris,Summer,GBR
Archery,MEN’S INDIVIDUAL,Bronze,Lee Woo-seok,South Korea,2024,Paris,Summer,KOR
Artistic Gymnastics,MEN’S RINGS,Bronze,Eleftherios Petrounias,Greece,2024,Paris,Summer,CRT
Artistic Gymnastics,MEN’S VAULT,Bronze,Harry Hepworth,Great Britain,2024,Paris,Summer,GBR
Artistic Gymnastics,WOMEN’S UNEVEN BARS,Bronze,Sunisa Lee,United States,2024,Paris,Summer,USA
Badminton,MEN’S DOUBLES,Bronze,Aaron Chia and Soh Wooi Yik,Malaysia,2024,Paris,Summer,MAL
Cycling,WOMEN’S ROAD RACE,Bronze,Lotte Kopecky,Belgium,2024,Paris,Summer,BEL
Equestrian,DRESSAGE INDIVIDUAL,Bronze,Charlotte Fry,Great Britain,2024,Paris,Summer,GBR
Fencing,MEN’S FOIL TEAM,Bronze,France,France,2024,Paris,Summer,FRA
Golf,MEN’S INDIVIDUAL,Bronze,Hideki Matsuyama,Japan,2024,Paris,Summer,JPN
Shooting,WOMEN’S SKEET,Bronze,Austen Smith,United States,2024,Paris,Summer,USA
Swimming,WOMEN’S 50M FREESTYLE,Bronze,Zhang Yufei,China,2024,Paris,Summer,CHN
Swimming,WOMEN’S 4x100M MEDLEY RELAY,Bronze,China,China,2024,Paris,Summer,CHN
Swimming,MEN’S 1500M FREESTYLE,Bronze,Daniel Wiffen,Ireland,2024,Paris,Summer,IRL
Swimming,MEN’S 4x100M MEDLEY RELAY,Bronze,France,France,2024,Paris,Summer,FRA
Table Tennis,MEN’S SINGLES,Bronze,Félix Lebrun,France,2024,Paris,Summer,FRA
Tennis,MEN’S SINGLES,Bronze,Lorenzo Musetti,Italy,2024,Paris,Summer,ITA
Tennis,WOMEN’S DOUBLES,Bronze,Cristina Busca and Sara Sorribes Tormo,Spain,2024,Paris,Summer,ESP
Track And Field,MEN’S 100M,Bronze,Fred Kerley,United States,2024,Paris,Summer,USA
Track And Field,MEN’S HAMMER THROW,Bronze,Mykhaylo Kokhan,Ukraine,2024,Paris,Summer,UKR
Archery,WOMEN’S INDIVIDUAL,Bronze,Lisa Barbelin,France,2024,Paris,Summer,FRA
Artistic Gymnastics,MEN’S FLOOR EXERCISE,Bronze,Jake Jarman,Great Britain,2024,Paris,Summer,GBR
Artistic Gymnastics,MEN’S POMMEL HORSE,Bronze,Stephen Nedoroscik,United States,2024,Paris,Summer,USA
Artistic Gymnastics,WOMEN’S VAULT,Bronze,Jade Carey,United States,2024,Paris,Summer,USA
Badminton,WOMEN’S DOUBLES,Bronze,Nami Matsuyama and Chiharu Shida,Japan,2024,Paris,Summer,JPN
Cycling,MEN’S ROAD RACE,Bronze,Christophe Laporte,France,2024,Paris,Summer,FRA
Equestrian,DRESSAGE TEAM,Bronze,Britain,Great Britain,2024,Paris,Summer,GBR
Fencing,WOMEN’S TEAM SABER,Bronze,Japan,Japan,2024,Paris,Summer,JPN
Judo,MIXED TEAM,Bronze,Brazil and South Korea,Brazil and South Korea,2024,Paris,Summer,
Rowing,MEN’S EIGHT,Bronze,United States,United States,2024,Paris,Summer,USA
Rowing,WOMEN’S EIGHT,Bronze,Britain,Great Britain,2024,Paris,Summer,GBR
Rowing,MEN’S SINGLE SCULLS,Bronze,Simon van Dorp,Netherlands,2024,Paris,Summer,NED
Rowing,WOMEN’S SINGLE SCULLS,Bronze,Viktorija Senkute,Lithuania,2024,Paris,Summer,LTU
Sailing,MEN’S WINDSURFING,Bronze,Luuc van Opzeeland,Netherlands,2024,Paris,Summer,NED
Sailing,WOMEN’S WINDSURFING,Bronze,Emma Wilson,Great Britain,2024,Paris,Summer,GBR
Shooting,WOMEN’S 25M PISTOL,Bronze,Veronika Major,Hungary,2024,Paris,Summer,HUN
Shooting,MEN’S SKEET,Bronze,Lee Meng-yuan,Taiwan,2024,Paris,Summer,TPE
Swimming,MEN’S 100M BUTTERFLY,Bronze,Ilya Kharun,Canada,2024,Paris,Summer,CAN
Swimming,MIXED 4X100 MEDLEY RELAY,Bronze,Australia,Australia,2024,Paris,Summer,ANZ
Swimming,WOMEN’S 200M INDIVIDUAL MEDLEY,Bronze,Kaylee McKeown,Australia,2024,Paris,Summer,ANZ
Swimming,WOMEN’S 800M FREESTYLE,Bronze,Paige Madden,United States,2024,Paris,Summer,USA
Table Tennis,WOMEN’S SINGLES,Bronze,Hina Hayata,Japan,2024,Paris,Summer,JPN
Tennis,MEN’S DOUBLES,Bronze,Taylor Fritz and Tommy Paul,United States,2024,Paris,Summer,USA
Tennis,WOMEN’S SINGLES,Bronze,Iga Swiatek,Poland,2024,Paris,Summer,POL
Track And Field,MEN’S SHOTPUT,Bronze,Rajindra Campbell,Jamaica,2024,Paris,Summer,JAM
Track And Field,MIXED 4X400M RELAY,Bronze,Britain,Great Britain,2024,Paris,Summer,GBR
Track And Field,WOMEN’S 100M,Bronze,Melissa Jefferson,United States,2024,Paris,Summer,USA
Track And Field,WOMEN’S TRIPLE JUMP,Bronze,Jasmine Moore,United States,2024,Paris,Summer,USA
Archery,MIXED TEAM,Bronze,Brady Ellison and Casey Kaufhold,United States,2024,Paris,Summer,USA
Badminton,MIXED DOUBLES,Bronze,Yuta Watanabe and Arisa Higashino,Japan,2024,Paris,Summer,JPN
Diving,MEN’S SYNCHRONIZED 3M SPRINGBOARD,Bronze,Anthony Harding and Jack Laugher,Great Britain,2024,Paris,Summer,GBR
Cycling Bmx Racing,MEN’S,Bronze,Romain Mahieu,France,2024,Paris,Summer,FRA
Cycling Bmx Racing,WOMEN’S,Bronze,Zoe Claessens,Switzerland,2024,Paris,Summer,SUI
Equestrian,TEAM JUMPING,Bronze,France,France,2024,Paris,Summer,FRA
Fencing,MEN’S TEAM ÉPÉE,Bronze,Czech Republic,Czech Republic,2024,Paris,Summer,BOH
Rowing,MEN’S PAIR,Bronze,Andrin Gulich and Roman Roeoesli,Switzerland,2024,Paris,Summer,SUI
Rowing,MEN’S LIGHTWEIGHT DOUBLE SCULLS,Bronze,Petros Gaidatzis and Antonios Papakonstantinou,Greece,2024,Paris,Summer,CRT
Rowing,WOMEN’S PAIR,Bronze,Annabelle McIntyre and Jess Morrison,Australia,2024,Paris,Summer,ANZ
Rowing,WOMEN’S LIGHTWEIGHT DOUBLE SCULLS,Bronze,Zoi Fitsiou and Dimitra Kontou,Greece,2024,Paris,Summer,CRT
Sailing,MEN’S SKIFF,Bronze,Ian Barrows and Hanks Henken,United States,2024,Paris,Summer,USA
Sailing,WOMEN’S SKIFF,Bronze,Charline Picon and Sarah Steyaert,France,2024,Paris,Summer,FRA
Shooting,WOMEN’S 50M RIFLE 3 POSITIONS,Bronze,Zhang Qiongyue,China,2024,Paris,Summer,CHN
Swimming,MEN’S 200M INDIVIDUAL MEDLEY,Bronze,Wang Shun,China,2024,Paris,Summer,CHN
Swimming,MEN’S 50M FREESTYLE,Bronze,Florent Manaudou,France,2024,Paris,Summer,FRA
Swimming,WOMEN’S 200 BACKSTROKE,Bronze,Kylie Masse,Canada,2024,Paris,Summer,CAN
Tennis,MIXED DOUBLES,Bronze,Gabriela Dabrowski and Felix Auger Aliassime,Canada,2024,Paris,Summer,CAN
Track And Field,"MEN’S 10,000M",Bronze,Grant Fisher,United States,2024,Paris,Summer,USA
Trampoline,MEN’S ,Bronze,Yan Langyu,China,2024,Paris,Summer,CHN
Trampoline,WOMEN’S,Bronze,Sophiane Methot,Canada,2024,Paris,Summer,CAN
Canoe Slalom,MEN’S SINGLE KAYAK,Bronze,Pau Echaniz,Spain,2024,Paris,Summer,ESP
Fencing,WOMEN’S TEAM FOIL,Bronze,Japan,Japan,2024,Paris,Summer,JPN
Gymnastics,WOMEN’S ALL-AROUND,Bronze,Sunisa Lee,United States,2024,Paris,Summer,USA
Rowing,MEN’S DOUBLE SCULLS,Bronze,Philip Doyle and Daire Lynch,Ireland,2024,Paris,Summer,IRL
Rowing,WOMEN’S DOUBLE SCULLS,Bronze,Mathilda Hodgkins Byrne and Rebecca Wilde,Great Britain,2024,Paris,Summer,GBR
Rowing,MEN’S FOUR,Bronze,Britain,Great Britain,2024,Paris,Summer,GBR
Rowing,WOMEN’S FOUR,Bronze,New Zealand,New Zealand,2024,Paris,Summer,NZL
Shooting,MEN’S 50M RIFLE 3 POSITIONS,Bronze,Swapnil Kusale,India,2024,Paris,Summer,IND
Swimming,MEN’S 200M BACKSTROKE,Bronze,Roman Mityukov,Switzerland,2024,Paris,Summer,SUI
Swimming,WOMEN’S 200M BUTTERFLY,Bronze,Zhang Yufei,China,2024,Paris,Summer,CHN
Swimming,WOMEN’S 200M BREASTSTROKE,Bronze,Tes Schouten,Netherlands,2024,Paris,Summer,NED
Swimming,WOMENS 4X200 FREESTYLE RELAY,Bronze,China,China,2024,Paris,Summer,CHN
Track And Field,MEN’S 20KM RACE WALK,Bronze,Álvaro Martín,Spain,2024,Paris,Summer,ESP
Track And Field,WOMEN’S 20KM RACE WALK,Bronze,Jemima Montag,Australia,2024,Paris,Summer,ANZ
Gymnastics,MEN’S ALL AROUND,Bronze,Xiao Ruoteng,China,2024,Paris,Summer,CHN
Canoe,WOMEN’S SINGLE,Bronze,Evy Leibfarth,United States,2024,Paris,Summer,USA
Cycling,WOMEN’S PARK,Bronze,Natalya Diehm,Australia,2024,Paris,Summer,ANZ
Cycling,MEN’S PARK,Bronze,Anthony Jean Jean,France,2024,Paris,Summer,FRA
Diving,WOMEN’S SYNCHRONIZED 10-METER PLATFORM,Bronze,Andrea Spendolini Sirieix and Lois Toulson,Great Britain,2024,Paris,Summer,GBR
Fencing,MEN’S SABRE TEAM,Bronze,France,France,2024,Paris,Summer,FRA
Judo,WOMEN’S 70KG,Bronze,Michaela Polleres,Austria,2024,Paris,Summer,AUT
Judo,MEN’S 90KG,Bronze,Maxime-Gael Ngayap Hambou,France,2024,Paris,Summer,FRA
Rowing,MEN’S QUADRUPLE SCULLS,Bronze,"Dominik Czaja, Mateusz Biskup, Miroslaw Zietarski, Fabian Baranski)",Poland,2024,Paris,Summer,POL
Rowing,WOMEN’S QUADRUPLE SCULLS,Bronze,"Maren Voelz, Tabea Schendekehl, Leonie Menzel, Pia Greiten)",Germany,2024,Paris,Summer,FRG
Swimming,WOMEN’S 100M FREESTYLE,Bronze,Siobhan Haughey,Hong Kong,2024,Paris,Summer,HKG
Swimming,"WOMEN’S 1,500M FREESTYLE",Bronze,Isabel Gose,Germany,2024,Paris,Summer,FRG
Swimming,MEN’S 100M FREESTYLE,Bronze,David Popovici,Romania,2024,Paris,Summer,ROU
Swimming,MEN’S 200M BREASTSTROKE,Bronze,Caspar Corbeau,Netherlands,2024,Paris,Summer,NED
Swimming,MEN’S 200M BUTTERFLY,Bronze,Ilya Kharun,Canada,2024,Paris,Summer,CAN
Shooting,WOMEN’S TRAP,Bronze,Penny Smith,Australia,2024,Paris,Summer,ANZ
Triathlon,WOMEN,Bronze,Beth Potter,Great Britain,2024,Paris,Summer,GBR
Triathlon,MEN,Bronze,Leo Bergere,France,2024,Paris,Summer,FRA
Fencing,WOMEN’S EPEE TEAM,Bronze,Poland,Poland,2024,Paris,Summer,POL
Gymnastics,WOMEN’S TEAM,Bronze,Brazil,Brazil,2024,Paris,Summer,BRA
Rugby Sevens,WOMEN’S,Bronze,United States,United States,2024,Paris,Summer,USA
Shooting,MIXED TEAM 10M AIR PISTOL,Bronze,Manu Bhaker and Sarabjot Singh,India,2024,Paris,Summer,IND
Shooting,MEN’S TRAP,Bronze,Jean Pierre Brol,Guatemala,2024,Paris,Summer,GUA
Swimming,WOMEN’S 100M BACKSTROKE,Bronze,Katharine Berkoff,United States,2024,Paris,Summer,USA
Swimming,MEN’S 800M FREESTYLE,Bronze,Gregorio Paltrinieri,Italy,2024,Paris,Summer,ITA
Swimming,MEN’S 4X200M FREESTYLE RELAY,Bronze,Australia,Australia,2024,Paris,Summer,ANZ
Table Tennis,MEN’S 4x200M FREESTYLE RELAY,Bronze,Lim Jong-hoon and Shin Yu-bin,South Korea,2024,Paris,Summer,KOR
Archery,MIXED DOUBLES,Bronze,Turkey,Turkey,2024,Paris,Summer,TUR
Artistic Gymnastics,MEN’S TEAM,Bronze,United States,United States,2024,Paris,Summer,USA
Canoe Slalom,MEN’S TEAM,Bronze,Matej Benus,Slovakia,2024,Paris,Summer,SVK
Cycling Mountain Bike,MEN’S CANOE SINGLE,Bronze,Alan Hatherly,South Africa,2024,Paris,Summer,RSA
Diving,MEN’S CROSS-COUNTRY,Bronze,Rylan Wiens and Nathan Zsombor-Murray,Canada,2024,Paris,Summer,CAN
Equestrian,MEN’S SYNCHRONIZED 10M PLATFORM,Bronze,Japan,Japan,2024,Paris,Summer,JPN
Fencing,EVENTING TEAM,Bronze,Olga Kharlan,Ukraine,2024,Paris,Summer,UKR
Fencing,MEN’S FOIL INDIVIDUAL,Bronze,Nick Itkin,United States,2024,Paris,Summer,USA
Shooting,WOMEN’S 57KG,Bronze,Audrey Gogniat,Switzerland,2024,Paris,Summer,SUI
Shooting,MEN’S 10M AIR RIFLE,Bronze,Miran Maricic,Croatia,2024,Paris,Summer,CRO
Skateboarding,WOMEN’S 10M AIR RIFLE,Bronze,Nyjah Huston,United States,2024,Paris,Summer,USA
Swimming,WOMEN’S 100M BREASTSTROKE,Bronze,Mona McSharry,Ireland,2024,Paris,Summer,IRL
Swimming,WOMEN’S 200M FREESTYLE,Bronze,Siobhan Bernadette Haughey,Hong Kong,2024,Paris,Summer,HKG
Swimming,WOMEN’S 400M INDIVIDUAL MEDLEY,Bronze,Emma Weyant,United States,2024,Paris,Summer,USA
Swimming,MEN’S 100M BACKSTROKE,Bronze,Ryan Murphy,United States,2024,Paris,Summer,USA
Swimming,MEN’S 200M FREESTYLE,Bronze,Luke Hobson,United States,2024,Paris,Summer,USA
Archery,WOMEN’S TEAM,Bronze,Mexico,Mexico,2024,Paris,Summer,MEX
Canoe Slalom,WOMEN’S KAYAK SINGLE,Bronze,Kimberley Woods,Great Britain,2024,Paris,Summer,GBR
Cycling Mountain Bike,WOMEN’S CROSS-COUNTRY,Bronze,Jenny Rissveds,Sweden,2024,Paris,Summer,SWE
Fencing,WOMEN’S FOIL INDIVIDUAL,Bronze,Eleanor Harvey,Canada,2024,Paris,Summer,CAN
Shooting,MEN’S 10M AIR PISTOL,Bronze,Paolo Monna,Italy,2024,Paris,Summer,ITA
Swimming,MEN’S 400M INDIVIDUAL MEDLEY,Bronze,Carson Foster,United States,2024,Paris,Summer,USA
Swimming,WOMEN’S 100M BUTTERFLY,Bronze,Zhang Yufei,China,2024,Paris,Summer,CHN
Shooting,WOMEN’S 10M AIR PISTOL,Bronze,Manu Bhaker,India,2024,Paris,Summer,IND
Skateboarding,WOMEN’S STREET,Bronze,Rayssa Leal,Brazil,2024,Paris,Summer,BRA
Cycling,MEN’S INDIVIDUAL TIME TRIAL,Bronze,Wout van Aert,Belgium,2024,Paris,Summer,BEL
Cycling,WOMEN’S INDIVIDUAL TIME TRIAL,Bronze,Chloe Dygert,United States,2024,Paris,Summer,USA
Diving,WOMEN’S SYNCHRONIZED 3M SPRINGBOARD,Bronze,Yasmin Harper and Scarlett Mew Jensen,Great Britain,2024,Paris,Summer,GBR
Fencing,WOMEN’S EPEE INDIVIDUAL,Bronze,Eszter Muhari,Hungary,2024,Paris,Summer,HUN
Fencing,MEN’S SABER INDIVIDUAL,Bronze,Luigi Samele,Italy,2024,Paris,Summer,ITA
Judo,WOMEN 48KG,Bronze,Shirine Boukli,France,2024,Paris,Summer,FRA
Rugby Sevens,MEN’S,Bronze,South Africa,South Africa,2024,Paris,Summer,RSA
Shooting,10M AIR RIFLE MIXED TEAM,Bronze,Alexandra Le and Islam Satpayev,Kazakhstan,2024,Paris,Summer,KAZ
Swimming,MEN’S 400M FREESTYLE,Bronze,Kim Woo-min,South Korea,2024,Paris,Summer,KOR
Swimming,MEN’S 4X100M FREESTYLE RELAY,Bronze,Italy,Italy,2024,Paris,Summer,ITA
Swimming,WOMEN’S 400M FREESTYLE,Bronze,Katie Ledecky,United States,2024,Paris,Summer,USA
Swimming,WOMEN’S 4X100M FREESTYLE RELAY,Bronze,China,China,2024,Paris,Summer,CHN
Boxing,MEN’S 57KG,Bronze,Charlie Senior,Australia,2024,Paris,Summer,ANZ
Boxing,MEN’S 57KG,Bronze,Javier Ibanez Diaz,Bulgaria,2024,Paris,Summer,BUL
Boxing,WOMEN’S 57KG,Bronze,Nesthy Petecio,Philippines,2024,Paris,Summer,PHI
Boxing,WOMEN’S 57KG,Bronze,Esra Yildiz Kahraman,Turkey,2024,Paris,Summer,TUR
Boxing,MEN’S +92KG,Bronze,Djamili-Dini Aboudou Moindze,France,2024,Paris,Summer,FRA
Boxing,MEN’S +92KG,Bronze,Nelvie Raman Tiafack,Germany,2024,Paris,Summer,FRG
Boxing,WOMEN’S 75KG,Bronze,Caitlin Parker,Australia,2024,Paris,Summer,ANZ
Boxing,WOMEN’S 75KG,Bronze,Cindy Ngamba,Refugee Olympic Team,2024,Paris,Summer,
Taekwondo,MEN’S +80KG,Bronze,Cheick Sallah Cisse,Ivory Coast,2024,Paris,Summer,CIV
Taekwondo,MEN’S +80KG,Bronze,Rafael Alba,Cuba,2024,Paris,Summer,CUB
Taekwondo,WOMEN’S +67KG,Bronze,Lee Dabin,South Korea,2024,Paris,Summer,KOR
Taekwondo,WOMEN’S +67KG,Bronze,Nafia Kus Aydin,Turkey,2024,Paris,Summer,TUR
Wrestling,MEN’S FREESTYLE 74KG,Bronze,Chermen Valiev,Albania,2024,Paris,Summer,ALB
Wrestling,MEN’S FREESTYLE 74KG,Bronze,Kyle Dake,United States,2024,Paris,Summer,USA
Wrestling,WOMEN’S FREESTYLE 62KG,Bronze,Aisuluu Tynybekova,Kyrgyzstan,2024,Paris,Summer,KGZ
Wrestling,WOMEN’S FREESTYLE 62KG,Bronze,Grace Bullen,Norway,2024,Paris,Summer,NOR
Wrestling,MEN’S FREESTYLE 125KG,Bronze,Giorgi Meshvildishvili,Azerbaijan,2024,Paris,Summer,AZE
Wrestling,MEN’S FREESTYLE 125KG,Bronze,Taha Akgul,Turkey,2024,Paris,Summer,TUR
Boxing,MEN’S 71KG,Bronze,Lewis Richardson,Great Britain,2024,Paris,Summer,GBR
Boxing,MEN’S 71KG,Bronze,Omari Jones,United States,2024,Paris,Summer,USA
Boxing,MEN’S 92 KG,Bronze,Enmanuel Reyes Pla,Spain,2024,Paris,Summer,ESP
Boxing,MEN’S 92 KG,Bronze,Davlat Boltaev,Tajikistan,2024,Paris,Summer,TJK
Boxing,WOMEN’S 50KG,Bronze,Nazym Kyzaibay,Kazakhstan,2024,Paris,Summer,KAZ
Boxing,WOMEN’S 50KG,Bronze,Aira Villegas,Philippines,2024,Paris,Summer,PHI
Boxing,WOMEN’S 66KG,Bronze,Janjaem Suwannapheng,Thailand,2024,Paris,Summer,THA
Boxing,WOMEN’S 66KG,Bronze,Chen Nien Chin,Taiwan,2024,Paris,Summer,TPE
Taekwondo,WOMEN’S -67KG,Bronze,Kristina Teachout,United States,2024,Paris,Summer,USA
Taekwondo,WOMEN’S -67KG,Bronze,Sarah Chaari,Belgium,2024,Paris,Summer,BEL
Taekwondo,MEN’S -80KG,Bronze,Edi Hrnic,Denmark,2024,Paris,Summer,DEN
Taekwondo,MEN’S -80KG,Bronze,Simone Alessio,Italy,2024,Paris,Summer,ITA
Wrestling,MEN’S FREESTYLE 57KG,Bronze,Aman Aman,India,2024,Paris,Summer,IND
Wrestling,MEN’S FREESTYLE 57KG,Bronze,Gulomjon Abdullaev,Uzbekistan,2024,Paris,Summer,UZB
Wrestling,MEN’S FREESTYLE 86KG,Bronze,Aaron Brooks,United States,2024,Paris,Summer,USA
Wrestling,MEN’S FREESTYLE 86KG,Bronze,Dauren Kurugliev,Greece,2024,Paris,Summer,CRT
Judo,MEN’S +100KG,Bronze,Temur Rakhimov,Tajikistan,2024,Paris,Summer,TJK
Judo,MEN’S +100KG,Bronze,Alisher Yusupov,Uzbekistan,2024,Paris,Summer,UZB
Judo,WOMEN’S +78KG,Bronze,Romane Dicko,France,2024,Paris,Summer,FRA
Judo,WOMEN’S +78KG,Bronze,Kim Ha-yun,South Korea,2024,Paris,Summer,KOR
Judo,MEN’S -100KG,Bronze,Peter Paltchik,Israel,2024,Paris,Summer,ISR
Judo,MEN’S -100KG,Bronze,Muzaffarbek Turoboyev,Uzbekistan,2024,Paris,Summer,UZB
Judo,WOMEN’S -78KG,Bronze,Ma Zhenzhao,China,2024,Paris,Summer,CHN
Judo,WOMEN’S -78KG,Bronze,Patricia Sampaio,Portugal,2024,Paris,Summer,POR
Judo,WOMEN’S 63KG,Bronze,Clarisse Agbegnenou,France,2024,Paris,Summer,FRA
Judo,WOMEN’S 63KG,Bronze,Laura Fazliu,Kosovo,2024,Paris,Summer,KOS
Judo,MEN’S 81KG,Bronze,Lee Joon-hwan,South Korea,2024,Paris,Summer,KOR
Judo,MEN’S 81KG,Bronze,Somon Makhmadbekov,Tajikistan,2024,Paris,Summer,TJK
Judo,WOMEN’S SABER INDIVIDUAL,Bronze,Sarah Leonie Cysique,France,2024,Paris,Summer,FRA
Judo,WOMEN’S SABER INDIVIDUAL,Bronze,Haruka Funakubo,Japan,2024,Paris,Summer,JPN
Judo,MEN’S 73KG,Bronze,Soichi Hashimoto,Japan,2024,Paris,Summer,JPN
Judo,MEN’S 73KG,Bronze,Adil Osmanov,Moldova,2024,Paris,Summer,MDA
Judo,WOMEN’S 52KG,Bronze,Larissa Pimenta,Brazil,2024,Paris,Summer,BRA
Judo,WOMEN’S 52KG,Bronze,Amandine Buchard,France,2024,Paris,Summer,FRA
Judo,MEN’S 66KG,Bronze,Gusman Kyrgyzbayev,Kazakhstan,2024,Paris,Summer,KAZ
Judo,MEN’S 66KG,Bronze,Denis Vieru,Moldova,2024,Paris,Summer,MDA
Judo,MEN 60KG,Bronze,Ryuju Nagayama,Japan,2024,Paris,Summer,JPN
Judo,MEN 60KG,Bronze,Francisco Garrigos,Spain,2024,Paris,Summer,ESP
Gymnastics,MEN’S HORIZONTAL BAR,Bronze,Zhang Boheng,China,2024,Paris,Summer,CHN
Gymnastics,MEN’S HORIZONTAL BAR,Bronze,Tang Chia-hung,Taiwan,2024,Paris,Summer,TPE
Track And Field,WOMEN’S HIGH JUMP,Bronze,Eleanor Patterson,Australia,2024,Paris,Summer,ANZ
Track And Field,WOMEN’S HIGH JUMP,Bronze,Iryna Gerashchenko,Ukraine,2024,Paris,Summer,UKR
Swimming,MEN’S 100M BREASTSTROKE,Gold,Nicolo Martinenghi,Italy,2024,Paris,Summer,ITA
Swimming,MEN’S 100M BREASTSTROKE,Silver,Nic Fink,United States,2024,Paris,Summer,USA
Swimming,MEN’S 100M BREASTSTROKE,Silver,Adam Peaty,Great Britain,2024,Paris,Summer,GBR
Canoe Sprint,WOMEN’S KAYAK DOUBLE 500M,Bronze,Noemi Pup and Sara Fojt,Hungary,2024,Paris,Summer,HUN
